customer_id,customer_segment
CUST00000,High txn count / Low avg value – Daily Spender
CUST00001,High txn count / Low avg value – Daily Spender
CUST00002,High txn count / Low avg value – Daily Spender
CUST00003,Low txn count / High avg value – Premium User
CUST00004,High Groceries/Fuel ratio – Household User
CUST00005,High Groceries/Fuel ratio – Household User
CUST00006,High Groceries/Fuel ratio – Household User
CUST00007,High Travel & Dining – Lifestyle User
CUST00008,High txn count / Low avg value – Daily Spender
CUST00009,High txn count / Low avg value – Daily Spender
CUST00010,High Groceries/Fuel ratio – Household User
CUST00011,High txn count / Low avg value – Daily Spender
CUST00012,Low txn count / High avg value – Premium User
CUST00013,High Groceries/Fuel ratio – Household User
CUST00014,High Groceries/Fuel ratio – Household User
CUST00015,High Groceries/Fuel ratio – Household User
CUST00016,High txn count / Low avg value – Daily Spender
CUST00017,Low txn count / High avg value – Premium User
CUST00018,Low txn count / High avg value – Premium User
CUST00019,High txn count / Low avg value – Daily Spender
CUST00020,High txn count / Low avg value – Daily Spender
CUST00021,High Groceries/Fuel ratio – Household User
CUST00022,High txn count / Low avg value – Daily Spender
CUST00023,High txn count / Low avg value – Daily Spender
CUST00024,Low txn count / High avg value – Premium User
CUST00025,High txn count / Low avg value – Daily Spender
CUST00026,High Groceries/Fuel ratio – Household User
CUST00027,Low txn count / High avg value – Premium User
CUST00028,Low txn count / High avg value – Premium User
CUST00029,High Groceries/Fuel ratio – Household User
CUST00030,High txn count / Low avg value – Daily Spender
CUST00031,High Groceries/Fuel ratio – Household User
CUST00032,High Groceries/Fuel ratio – Household User
CUST00033,High Travel & Dining – Lifestyle User
CUST00034,Low txn count / High avg value – Premium User
CUST00035,Low txn count / High avg value – Premium User
CUST00036,High txn count / Low avg value – Daily Spender
CUST00037,High Groceries/Fuel ratio – Household User
CUST00038,High txn count / Low avg value – Daily Spender
CUST00039,Low txn count / High avg value – Premium User
CUST00040,High Groceries/Fuel ratio – Household User
CUST00041,Low txn count / High avg value – Premium User
CUST00042,High Groceries/Fuel ratio – Household User
CUST00043,Low txn count / High avg value – Premium User
CUST00044,High txn count / Low avg value – Daily Spender
CUST00045,High txn count / Low avg value – Daily Spender
CUST00046,High txn count / Low avg value – Daily Spender
CUST00047,Low txn count / High avg value – Premium User
CUST00048,Low txn count / High avg value – Premium User
CUST00049,High Groceries/Fuel ratio – Household User
CUST00050,Low Activity – Dormant User
CUST00051,High txn count / Low avg value – Daily Spender
CUST00052,Low txn count / High avg value – Premium User
CUST00053,High txn count / Low avg value – Daily Spender
CUST00054,High Groceries/Fuel ratio – Household User
CUST00055,Low txn count / High avg value – Premium User
CUST00056,High Groceries/Fuel ratio – Household User
CUST00057,High Groceries/Fuel ratio – Household User
CUST00058,High Groceries/Fuel ratio – Household User
CUST00059,High txn count / Low avg value – Daily Spender
CUST00060,High txn count / Low avg value – Daily Spender
CUST00061,High txn count / Low avg value – Daily Spender
CUST00062,High txn count / Low avg value – Daily Spender
CUST00063,High txn count / Low avg value – Daily Spender
CUST00064,High txn count / Low avg value – Daily Spender
CUST00065,Low txn count / High avg value – Premium User
CUST00066,High Groceries/Fuel ratio – Household User
CUST00067,Low txn count / High avg value – Premium User
CUST00068,High Groceries/Fuel ratio – Household User
CUST00069,High Travel & Dining – Lifestyle User
CUST00070,High txn count / Low avg value – Daily Spender
CUST00071,High Groceries/Fuel ratio – Household User
CUST00072,High Groceries/Fuel ratio – Household User
CUST00073,High Travel & Dining – Lifestyle User
CUST00074,High txn count / Low avg value – Daily Spender
CUST00075,High txn count / Low avg value – Daily Spender
CUST00076,High txn count / Low avg value – Daily Spender
CUST00077,High Groceries/Fuel ratio – Household User
CUST00078,High txn count / Low avg value – Daily Spender
CUST00079,High Groceries/Fuel ratio – Household User
CUST00080,High Travel & Dining – Lifestyle User
CUST00081,High txn count / Low avg value – Daily Spender
CUST00082,High txn count / Low avg value – Daily Spender
CUST00083,High Groceries/Fuel ratio – Household User
CUST00084,High txn count / Low avg value – Daily Spender
CUST00085,High txn count / Low avg value – Daily Spender
CUST00086,High txn count / Low avg value – Daily Spender
CUST00087,High txn count / Low avg value – Daily Spender
CUST00088,High Travel & Dining – Lifestyle User
CUST00089,Low txn count / High avg value – Premium User
CUST00090,High Groceries/Fuel ratio – Household User
CUST00091,High txn count / Low avg value – Daily Spender
CUST00092,High txn count / Low avg value – Daily Spender
CUST00093,High Groceries/Fuel ratio – Household User
CUST00094,High txn count / Low avg value – Daily Spender
CUST00095,Low txn count / High avg value – Premium User
CUST00096,Low txn count / High avg value – Premium User
CUST00097,Low txn count / High avg value – Premium User
CUST00098,High Groceries/Fuel ratio – Household User
CUST00099,High Groceries/Fuel ratio – Household User
CUST00100,High Groceries/Fuel ratio – Household User
CUST00101,High txn count / Low avg value – Daily Spender
CUST00102,High txn count / Low avg value – Daily Spender
CUST00103,Low txn count / High avg value – Premium User
CUST00104,High Travel & Dining – Lifestyle User
CUST00105,High Groceries/Fuel ratio – Household User
CUST00106,Low txn count / High avg value – Premium User
CUST00107,High txn count / Low avg value – Daily Spender
CUST00108,High Groceries/Fuel ratio – Household User
CUST00109,High Groceries/Fuel ratio – Household User
CUST00110,High txn count / Low avg value – Daily Spender
CUST00111,High Groceries/Fuel ratio – Household User
CUST00112,Low txn count / High avg value – Premium User
CUST00113,High txn count / Low avg value – Daily Spender
CUST00114,High txn count / Low avg value – Daily Spender
CUST00115,Low txn count / High avg value – Premium User
CUST00116,High Travel & Dining – Lifestyle User
CUST00117,High Groceries/Fuel ratio – Household User
CUST00118,Low txn count / High avg value – Premium User
CUST00119,Low txn count / High avg value – Premium User
CUST00120,Low txn count / High avg value – Premium User
CUST00121,High txn count / Low avg value – Daily Spender
CUST00122,High txn count / Low avg value – Daily Spender
CUST00123,High Groceries/Fuel ratio – Household User
CUST00124,High Groceries/Fuel ratio – Household User
CUST00125,Low txn count / High avg value – Premium User
CUST00126,High Travel & Dining – Lifestyle User
CUST00127,Low txn count / High avg value – Premium User
CUST00128,High Groceries/Fuel ratio – Household User
CUST00129,Low txn count / High avg value – Premium User
CUST00130,Low txn count / High avg value – Premium User
CUST00131,High Groceries/Fuel ratio – Household User
CUST00132,High Groceries/Fuel ratio – Household User
CUST00133,High txn count / Low avg value – Daily Spender
CUST00134,High txn count / Low avg value – Daily Spender
CUST00135,High txn count / Low avg value – Daily Spender
CUST00136,Low txn count / High avg value – Premium User
CUST00137,High txn count / Low avg value – Daily Spender
CUST00138,High txn count / Low avg value – Daily Spender
CUST00139,Low txn count / High avg value – Premium User
CUST00140,Low txn count / High avg value – Premium User
CUST00141,High txn count / Low avg value – Daily Spender
CUST00142,Low txn count / High avg value – Premium User
CUST00143,High txn count / Low avg value – Daily Spender
CUST00144,High txn count / Low avg value – Daily Spender
CUST00145,High Groceries/Fuel ratio – Household User
CUST00146,High txn count / Low avg value – Daily Spender
CUST00147,Low txn count / High avg value – Premium User
CUST00148,High Groceries/Fuel ratio – Household User
CUST00149,High txn count / Low avg value – Daily Spender
CUST00150,Low txn count / High avg value – Premium User
CUST00151,High Groceries/Fuel ratio – Household User
CUST00152,High Groceries/Fuel ratio – Household User
CUST00153,Low txn count / High avg value – Premium User
CUST00154,Low txn count / High avg value – Premium User
CUST00155,High Groceries/Fuel ratio – Household User
CUST00156,High txn count / Low avg value – Daily Spender
CUST00157,High txn count / Low avg value – Daily Spender
CUST00158,High Groceries/Fuel ratio – Household User
CUST00159,High txn count / Low avg value – Daily Spender
CUST00160,High Travel & Dining – Lifestyle User
CUST00161,High txn count / Low avg value – Daily Spender
CUST00162,High txn count / Low avg value – Daily Spender
CUST00163,Low txn count / High avg value – Premium User
CUST00164,High Groceries/Fuel ratio – Household User
CUST00165,Low txn count / High avg value – Premium User
CUST00166,High txn count / Low avg value – Daily Spender
CUST00167,High Groceries/Fuel ratio – Household User
CUST00168,High Groceries/Fuel ratio – Household User
CUST00169,Low txn count / High avg value – Premium User
CUST00170,High txn count / Low avg value – Daily Spender
CUST00171,High Groceries/Fuel ratio – Household User
CUST00172,Low txn count / High avg value – Premium User
CUST00173,High Groceries/Fuel ratio – Household User
CUST00174,High txn count / Low avg value – Daily Spender
CUST00175,High Groceries/Fuel ratio – Household User
CUST00176,High txn count / Low avg value – Daily Spender
CUST00177,High txn count / Low avg value – Daily Spender
CUST00178,Low txn count / High avg value – Premium User
CUST00179,Low txn count / High avg value – Premium User
CUST00180,Low Activity – Dormant User
CUST00181,High Groceries/Fuel ratio – Household User
CUST00182,Low txn count / High avg value – Premium User
CUST00183,Low txn count / High avg value – Premium User
CUST00184,High txn count / Low avg value – Daily Spender
CUST00185,High txn count / Low avg value – Daily Spender
CUST00186,Low Activity – Dormant User
CUST00187,Low txn count / High avg value – Premium User
CUST00188,Low txn count / High avg value – Premium User
CUST00189,High Groceries/Fuel ratio – Household User
CUST00190,High Groceries/Fuel ratio – Household User
CUST00191,High txn count / Low avg value – Daily Spender
CUST00192,Low txn count / High avg value – Premium User
CUST00193,High txn count / Low avg value – Daily Spender
CUST00194,High txn count / Low avg value – Daily Spender
CUST00195,High txn count / Low avg value – Daily Spender
CUST00196,High txn count / Low avg value – Daily Spender
CUST00197,Low txn count / High avg value – Premium User
CUST00198,High txn count / Low avg value – Daily Spender
CUST00199,High txn count / Low avg value – Daily Spender
CUST00200,High txn count / Low avg value – Daily Spender
CUST00201,High Groceries/Fuel ratio – Household User
CUST00202,High Groceries/Fuel ratio – Household User
CUST00203,Low txn count / High avg value – Premium User
CUST00204,High txn count / Low avg value – Daily Spender
CUST00205,High Groceries/Fuel ratio – Household User
CUST00206,High Groceries/Fuel ratio – Household User
CUST00207,High txn count / Low avg value – Daily Spender
CUST00208,High Groceries/Fuel ratio – Household User
CUST00209,Low txn count / High avg value – Premium User
CUST00210,Low txn count / High avg value – Premium User
CUST00211,High txn count / Low avg value – Daily Spender
CUST00212,High txn count / Low avg value – Daily Spender
CUST00213,High Groceries/Fuel ratio – Household User
CUST00214,High txn count / Low avg value – Daily Spender
CUST00215,High Groceries/Fuel ratio – Household User
CUST00216,High txn count / Low avg value – Daily Spender
CUST00217,High txn count / Low avg value – Daily Spender
CUST00218,High txn count / Low avg value – Daily Spender
CUST00219,Low txn count / High avg value – Premium User
CUST00220,High txn count / Low avg value – Daily Spender
CUST00221,Low txn count / High avg value – Premium User
CUST00222,High Groceries/Fuel ratio – Household User
CUST00223,High txn count / Low avg value – Daily Spender
CUST00224,High txn count / Low avg value – Daily Spender
CUST00225,High Groceries/Fuel ratio – Household User
CUST00226,High txn count / Low avg value – Daily Spender
CUST00227,High txn count / Low avg value – Daily Spender
CUST00228,Low txn count / High avg value – Premium User
CUST00229,High txn count / Low avg value – Daily Spender
CUST00230,High txn count / Low avg value – Daily Spender
CUST00231,Low txn count / High avg value – Premium User
CUST00232,Low txn count / High avg value – Premium User
CUST00233,Low txn count / High avg value – Premium User
CUST00234,High Groceries/Fuel ratio – Household User
CUST00235,High txn count / Low avg value – Daily Spender
CUST00236,High Travel & Dining – Lifestyle User
CUST00237,High Groceries/Fuel ratio – Household User
CUST00238,High txn count / Low avg value – Daily Spender
CUST00239,High Groceries/Fuel ratio – Household User
CUST00240,High txn count / Low avg value – Daily Spender
CUST00241,Low Activity – Dormant User
CUST00242,Low txn count / High avg value – Premium User
CUST00243,High txn count / Low avg value – Daily Spender
CUST00244,High Groceries/Fuel ratio – Household User
CUST00245,High txn count / Low avg value – Daily Spender
CUST00246,Low txn count / High avg value – Premium User
CUST00247,High txn count / Low avg value – Daily Spender
CUST00248,Low txn count / High avg value – Premium User
CUST00249,High txn count / Low avg value – Daily Spender
CUST00250,High txn count / Low avg value – Daily Spender
CUST00251,High txn count / Low avg value – Daily Spender
CUST00252,High txn count / Low avg value – Daily Spender
CUST00253,High txn count / Low avg value – Daily Spender
CUST00254,High Groceries/Fuel ratio – Household User
CUST00255,Low txn count / High avg value – Premium User
CUST00256,High Travel & Dining – Lifestyle User
CUST00257,High txn count / Low avg value – Daily Spender
CUST00258,Low txn count / High avg value – Premium User
CUST00259,High Groceries/Fuel ratio – Household User
CUST00260,High txn count / Low avg value – Daily Spender
CUST00261,High txn count / Low avg value – Daily Spender
CUST00262,High Groceries/Fuel ratio – Household User
CUST00263,Low txn count / High avg value – Premium User
CUST00264,High txn count / Low avg value – Daily Spender
CUST00265,High txn count / Low avg value – Daily Spender
CUST00266,High txn count / Low avg value – Daily Spender
CUST00267,High txn count / Low avg value – Daily Spender
CUST00268,High txn count / Low avg value – Daily Spender
CUST00269,High txn count / Low avg value – Daily Spender
CUST00270,Low txn count / High avg value – Premium User
CUST00271,Low Activity – Dormant User
CUST00272,Low txn count / High avg value – Premium User
CUST00273,High txn count / Low avg value – Daily Spender
CUST00274,Low txn count / High avg value – Premium User
CUST00275,Low txn count / High avg value – Premium User
CUST00276,High txn count / Low avg value – Daily Spender
CUST00277,High txn count / Low avg value – Daily Spender
CUST00278,High txn count / Low avg value – Daily Spender
CUST00279,High txn count / Low avg value – Daily Spender
CUST00280,Low txn count / High avg value – Premium User
CUST00281,High txn count / Low avg value – Daily Spender
CUST00282,High txn count / Low avg value – Daily Spender
CUST00283,High Groceries/Fuel ratio – Household User
CUST00284,Low txn count / High avg value – Premium User
CUST00285,High Groceries/Fuel ratio – Household User
CUST00286,Low txn count / High avg value – Premium User
CUST00287,Low txn count / High avg value – Premium User
CUST00288,High txn count / Low avg value – Daily Spender
CUST00289,Low txn count / High avg value – Premium User
CUST00290,High Groceries/Fuel ratio – Household User
CUST00291,High Groceries/Fuel ratio – Household User
CUST00292,High txn count / Low avg value – Daily Spender
CUST00293,High txn count / Low avg value – Daily Spender
CUST00294,High Groceries/Fuel ratio – Household User
CUST00295,High Groceries/Fuel ratio – Household User
CUST00296,High txn count / Low avg value – Daily Spender
CUST00297,High Groceries/Fuel ratio – Household User
CUST00298,High txn count / Low avg value – Daily Spender
CUST00299,High Groceries/Fuel ratio – Household User
CUST00300,High Groceries/Fuel ratio – Household User
CUST00301,Low txn count / High avg value – Premium User
CUST00302,Low txn count / High avg value – Premium User
CUST00303,High txn count / Low avg value – Daily Spender
CUST00304,High txn count / Low avg value – Daily Spender
CUST00305,Low txn count / High avg value – Premium User
CUST00306,Low txn count / High avg value – Premium User
CUST00307,High txn count / Low avg value – Daily Spender
CUST00308,High txn count / Low avg value – Daily Spender
CUST00309,High txn count / Low avg value – Daily Spender
CUST00310,Low txn count / High avg value – Premium User
CUST00311,High Groceries/Fuel ratio – Household User
CUST00312,High Groceries/Fuel ratio – Household User
CUST00313,High txn count / Low avg value – Daily Spender
CUST00314,Low txn count / High avg value – Premium User
CUST00315,High txn count / Low avg value – Daily Spender
CUST00316,High Groceries/Fuel ratio – Household User
CUST00317,High Groceries/Fuel ratio – Household User
CUST00318,High Groceries/Fuel ratio – Household User
CUST00319,High txn count / Low avg value – Daily Spender
CUST00320,Low txn count / High avg value – Premium User
CUST00321,High txn count / Low avg value – Daily Spender
CUST00322,High txn count / Low avg value – Daily Spender
CUST00323,High txn count / Low avg value – Daily Spender
CUST00324,High txn count / Low avg value – Daily Spender
CUST00325,High txn count / Low avg value – Daily Spender
CUST00326,Low txn count / High avg value – Premium User
CUST00327,High txn count / Low avg value – Daily Spender
CUST00328,Low txn count / High avg value – Premium User
CUST00329,High Groceries/Fuel ratio – Household User
CUST00330,High txn count / Low avg value – Daily Spender
CUST00331,High txn count / Low avg value – Daily Spender
CUST00332,High Groceries/Fuel ratio – Household User
CUST00333,High Groceries/Fuel ratio – Household User
CUST00334,High Groceries/Fuel ratio – Household User
CUST00335,High Groceries/Fuel ratio – Household User
CUST00336,Low Activity – Dormant User
CUST00337,High txn count / Low avg value – Daily Spender
CUST00338,Low txn count / High avg value – Premium User
CUST00339,High Groceries/Fuel ratio – Household User
CUST00340,Low txn count / High avg value – Premium User
CUST00341,Low txn count / High avg value – Premium User
CUST00342,High Groceries/Fuel ratio – Household User
CUST00343,Low txn count / High avg value – Premium User
CUST00344,High txn count / Low avg value – Daily Spender
CUST00345,High txn count / Low avg value – Daily Spender
CUST00346,High txn count / Low avg value – Daily Spender
CUST00347,High Groceries/Fuel ratio – Household User
CUST00348,High txn count / Low avg value – Daily Spender
CUST00349,High txn count / Low avg value – Daily Spender
CUST00350,Low txn count / High avg value – Premium User
CUST00351,High Travel & Dining – Lifestyle User
CUST00352,High txn count / Low avg value – Daily Spender
CUST00353,High Groceries/Fuel ratio – Household User
CUST00354,High Groceries/Fuel ratio – Household User
CUST00355,High txn count / Low avg value – Daily Spender
CUST00356,High Groceries/Fuel ratio – Household User
CUST00357,Low txn count / High avg value – Premium User
CUST00358,High txn count / Low avg value – Daily Spender
CUST00359,Low txn count / High avg value – Premium User
CUST00360,High txn count / Low avg value – Daily Spender
CUST00361,High txn count / Low avg value – Daily Spender
CUST00362,High Groceries/Fuel ratio – Household User
CUST00363,Low txn count / High avg value – Premium User
CUST00364,High txn count / Low avg value – Daily Spender
CUST00365,High txn count / Low avg value – Daily Spender
CUST00366,Low Activity – Dormant User
CUST00367,High Travel & Dining – Lifestyle User
CUST00368,High Groceries/Fuel ratio – Household User
CUST00369,High Groceries/Fuel ratio – Household User
CUST00370,High Groceries/Fuel ratio – Household User
CUST00371,High Groceries/Fuel ratio – Household User
CUST00372,High Groceries/Fuel ratio – Household User
CUST00373,High txn count / Low avg value – Daily Spender
CUST00374,High Groceries/Fuel ratio – Household User
CUST00375,High txn count / Low avg value – Daily Spender
CUST00376,High txn count / Low avg value – Daily Spender
CUST00377,High Groceries/Fuel ratio – Household User
CUST00378,Low txn count / High avg value – Premium User
CUST00379,High Travel & Dining – Lifestyle User
CUST00380,High Groceries/Fuel ratio – Household User
CUST00381,High txn count / Low avg value – Daily Spender
CUST00382,High txn count / Low avg value – Daily Spender
CUST00383,High txn count / Low avg value – Daily Spender
CUST00384,High txn count / Low avg value – Daily Spender
CUST00385,High txn count / Low avg value – Daily Spender
CUST00386,High txn count / Low avg value – Daily Spender
CUST00387,High Groceries/Fuel ratio – Household User
CUST00388,High txn count / Low avg value – Daily Spender
CUST00389,Low txn count / High avg value – Premium User
CUST00390,Low Activity – Dormant User
CUST00391,Low txn count / High avg value – Premium User
CUST00392,High txn count / Low avg value – Daily Spender
CUST00393,High txn count / Low avg value – Daily Spender
CUST00394,High txn count / Low avg value – Daily Spender
CUST00395,Low txn count / High avg value – Premium User
CUST00396,High txn count / Low avg value – Daily Spender
CUST00397,Low txn count / High avg value – Premium User
CUST00398,High txn count / Low avg value – Daily Spender
CUST00399,High txn count / Low avg value – Daily Spender
CUST00400,High Groceries/Fuel ratio – Household User
CUST00401,High txn count / Low avg value – Daily Spender
CUST00402,Low txn count / High avg value – Premium User
CUST00403,Low txn count / High avg value – Premium User
CUST00404,High Travel & Dining – Lifestyle User
CUST00405,High Travel & Dining – Lifestyle User
CUST00406,High txn count / Low avg value – Daily Spender
CUST00407,High Groceries/Fuel ratio – Household User
CUST00408,High txn count / Low avg value – Daily Spender
CUST00409,High Groceries/Fuel ratio – Household User
CUST00410,High txn count / Low avg value – Daily Spender
CUST00411,Low Activity – Dormant User
CUST00412,Low txn count / High avg value – Premium User
CUST00413,Low txn count / High avg value – Premium User
CUST00414,High txn count / Low avg value – Daily Spender
CUST00415,Low txn count / High avg value – Premium User
CUST00416,High txn count / Low avg value – Daily Spender
CUST00417,High txn count / Low avg value – Daily Spender
CUST00418,High txn count / Low avg value – Daily Spender
CUST00419,High txn count / Low avg value – Daily Spender
CUST00420,High txn count / Low avg value – Daily Spender
CUST00421,High txn count / Low avg value – Daily Spender
CUST00422,High Groceries/Fuel ratio – Household User
CUST00423,Low txn count / High avg value – Premium User
CUST00424,High Groceries/Fuel ratio – Household User
CUST00425,Low txn count / High avg value – Premium User
CUST00426,Low txn count / High avg value – Premium User
CUST00427,High txn count / Low avg value – Daily Spender
CUST00428,High txn count / Low avg value – Daily Spender
CUST00429,High Groceries/Fuel ratio – Household User
CUST00430,High Groceries/Fuel ratio – Household User
CUST00431,High txn count / Low avg value – Daily Spender
CUST00432,High txn count / Low avg value – Daily Spender
CUST00433,High Groceries/Fuel ratio – Household User
CUST00434,High Groceries/Fuel ratio – Household User
CUST00435,High txn count / Low avg value – Daily Spender
CUST00436,High Groceries/Fuel ratio – Household User
CUST00437,High Travel & Dining – Lifestyle User
CUST00438,High txn count / Low avg value – Daily Spender
CUST00439,High Groceries/Fuel ratio – Household User
CUST00440,High Groceries/Fuel ratio – Household User
CUST00441,High Travel & Dining – Lifestyle User
CUST00442,High txn count / Low avg value – Daily Spender
CUST00443,High txn count / Low avg value – Daily Spender
CUST00444,Low txn count / High avg value – Premium User
CUST00445,High txn count / Low avg value – Daily Spender
CUST00446,Low Activity – Dormant User
CUST00447,High txn count / Low avg value – Daily Spender
CUST00448,High txn count / Low avg value – Daily Spender
CUST00449,High Groceries/Fuel ratio – Household User
CUST00450,High txn count / Low avg value – Daily Spender
CUST00451,Low txn count / High avg value – Premium User
CUST00452,Low txn count / High avg value – Premium User
CUST00453,High txn count / Low avg value – Daily Spender
CUST00454,High Groceries/Fuel ratio – Household User
CUST00455,Low txn count / High avg value – Premium User
CUST00456,High Groceries/Fuel ratio – Household User
CUST00457,Low txn count / High avg value – Premium User
CUST00458,High Groceries/Fuel ratio – Household User
CUST00459,High Groceries/Fuel ratio – Household User
CUST00460,High Groceries/Fuel ratio – Household User
CUST00461,High txn count / Low avg value – Daily Spender
CUST00462,High txn count / Low avg value – Daily Spender
CUST00463,Low txn count / High avg value – Premium User
CUST00464,Low txn count / High avg value – Premium User
CUST00465,High txn count / Low avg value – Daily Spender
CUST00466,High txn count / Low avg value – Daily Spender
CUST00467,Low txn count / High avg value – Premium User
CUST00468,High Groceries/Fuel ratio – Household User
CUST00469,Low txn count / High avg value – Premium User
CUST00470,High Groceries/Fuel ratio – Household User
CUST00471,High Travel & Dining – Lifestyle User
CUST00472,High Groceries/Fuel ratio – Household User
CUST00473,High Travel & Dining – Lifestyle User
CUST00474,Low txn count / High avg value – Premium User
CUST00475,High txn count / Low avg value – Daily Spender
CUST00476,High Groceries/Fuel ratio – Household User
CUST00477,Low txn count / High avg value – Premium User
CUST00478,Low txn count / High avg value – Premium User
CUST00479,Low txn count / High avg value – Premium User
CUST00480,High txn count / Low avg value – Daily Spender
CUST00481,High txn count / Low avg value – Daily Spender
CUST00482,Low txn count / High avg value – Premium User
CUST00483,High txn count / Low avg value – Daily Spender
CUST00484,Low txn count / High avg value – Premium User
CUST00485,High Travel & Dining – Lifestyle User
CUST00486,High Groceries/Fuel ratio – Household User
CUST00487,High txn count / Low avg value – Daily Spender
CUST00488,High txn count / Low avg value – Daily Spender
CUST00489,High txn count / Low avg value – Daily Spender
CUST00490,Low txn count / High avg value – Premium User
CUST00491,High txn count / Low avg value – Daily Spender
CUST00492,High txn count / Low avg value – Daily Spender
CUST00493,High Groceries/Fuel ratio – Household User
CUST00494,Low txn count / High avg value – Premium User
CUST00495,High txn count / Low avg value – Daily Spender
CUST00496,Low txn count / High avg value – Premium User
CUST00497,High Groceries/Fuel ratio – Household User
CUST00498,High txn count / Low avg value – Daily Spender
CUST00499,High Travel & Dining – Lifestyle User
CUST00500,High txn count / Low avg value – Daily Spender
CUST00501,Low txn count / High avg value – Premium User
CUST00502,High txn count / Low avg value – Daily Spender
CUST00503,High Travel & Dining – Lifestyle User
CUST00504,High txn count / Low avg value – Daily Spender
CUST00505,High Groceries/Fuel ratio – Household User
CUST00506,High Travel & Dining – Lifestyle User
CUST00507,Low txn count / High avg value – Premium User
CUST00508,High txn count / Low avg value – Daily Spender
CUST00509,High txn count / Low avg value – Daily Spender
CUST00510,High txn count / Low avg value – Daily Spender
CUST00511,Low txn count / High avg value – Premium User
CUST00512,Low txn count / High avg value – Premium User
CUST00513,High Travel & Dining – Lifestyle User
CUST00514,High Groceries/Fuel ratio – Household User
CUST00515,High Groceries/Fuel ratio – Household User
CUST00516,High txn count / Low avg value – Daily Spender
CUST00517,High txn count / Low avg value – Daily Spender
CUST00518,High txn count / Low avg value – Daily Spender
CUST00519,High Groceries/Fuel ratio – Household User
CUST00520,Low txn count / High avg value – Premium User
CUST00521,High txn count / Low avg value – Daily Spender
CUST00522,High txn count / Low avg value – Daily Spender
CUST00523,Low Activity – Dormant User
CUST00524,Low txn count / High avg value – Premium User
CUST00525,Low txn count / High avg value – Premium User
CUST00526,Low txn count / High avg value – Premium User
CUST00527,High txn count / Low avg value – Daily Spender
CUST00528,High Groceries/Fuel ratio – Household User
CUST00529,Low txn count / High avg value – Premium User
CUST00530,High txn count / Low avg value – Daily Spender
CUST00531,Low txn count / High avg value – Premium User
CUST00532,Low txn count / High avg value – Premium User
CUST00533,Low txn count / High avg value – Premium User
CUST00534,High txn count / Low avg value – Daily Spender
CUST00535,High txn count / Low avg value – Daily Spender
CUST00536,Low txn count / High avg value – Premium User
CUST00537,High Groceries/Fuel ratio – Household User
CUST00538,Low txn count / High avg value – Premium User
CUST00539,High Groceries/Fuel ratio – Household User
CUST00540,Low txn count / High avg value – Premium User
CUST00541,High txn count / Low avg value – Daily Spender
CUST00542,High Groceries/Fuel ratio – Household User
CUST00543,High txn count / Low avg value – Daily Spender
CUST00544,High txn count / Low avg value – Daily Spender
CUST00545,High txn count / Low avg value – Daily Spender
CUST00546,High Groceries/Fuel ratio – Household User
CUST00547,High txn count / Low avg value – Daily Spender
CUST00548,Low txn count / High avg value – Premium User
CUST00549,High txn count / Low avg value – Daily Spender
CUST00550,Low txn count / High avg value – Premium User
CUST00551,High txn count / Low avg value – Daily Spender
CUST00552,Low txn count / High avg value – Premium User
CUST00553,Low txn count / High avg value – Premium User
CUST00554,Low txn count / High avg value – Premium User
CUST00555,Low txn count / High avg value – Premium User
CUST00556,High Groceries/Fuel ratio – Household User
CUST00557,High Groceries/Fuel ratio – Household User
CUST00558,High txn count / Low avg value – Daily Spender
CUST00559,High txn count / Low avg value – Daily Spender
CUST00560,High txn count / Low avg value – Daily Spender
CUST00561,High Groceries/Fuel ratio – Household User
CUST00562,High Groceries/Fuel ratio – Household User
CUST00563,High Groceries/Fuel ratio – Household User
CUST00564,High txn count / Low avg value – Daily Spender
CUST00565,Low txn count / High avg value – Premium User
CUST00566,High txn count / Low avg value – Daily Spender
CUST00567,Low txn count / High avg value – Premium User
CUST00568,High Travel & Dining – Lifestyle User
CUST00569,High txn count / Low avg value – Daily Spender
CUST00570,Low txn count / High avg value – Premium User
CUST00571,High txn count / Low avg value – Daily Spender
CUST00572,High txn count / Low avg value – Daily Spender
CUST00573,High txn count / Low avg value – Daily Spender
CUST00574,High txn count / Low avg value – Daily Spender
CUST00575,Low txn count / High avg value – Premium User
CUST00576,High Groceries/Fuel ratio – Household User
CUST00577,Low txn count / High avg value – Premium User
CUST00578,Low txn count / High avg value – Premium User
CUST00579,High txn count / Low avg value – Daily Spender
CUST00580,Low txn count / High avg value – Premium User
CUST00581,High Travel & Dining – Lifestyle User
CUST00582,Low txn count / High avg value – Premium User
CUST00583,High txn count / Low avg value – Daily Spender
CUST00584,High txn count / Low avg value – Daily Spender
CUST00585,High Groceries/Fuel ratio – Household User
CUST00586,High Groceries/Fuel ratio – Household User
CUST00587,High Groceries/Fuel ratio – Household User
CUST00588,High Groceries/Fuel ratio – Household User
CUST00589,High Groceries/Fuel ratio – Household User
CUST00590,High Groceries/Fuel ratio – Household User
CUST00591,High txn count / Low avg value – Daily Spender
CUST00592,High Groceries/Fuel ratio – Household User
CUST00593,High txn count / Low avg value – Daily Spender
CUST00594,High txn count / Low avg value – Daily Spender
CUST00595,Low txn count / High avg value – Premium User
CUST00596,High txn count / Low avg value – Daily Spender
CUST00597,High Groceries/Fuel ratio – Household User
CUST00598,High Groceries/Fuel ratio – Household User
CUST00599,High Groceries/Fuel ratio – Household User
CUST00600,High Groceries/Fuel ratio – Household User
CUST00601,High txn count / Low avg value – Daily Spender
CUST00602,High Groceries/Fuel ratio – Household User
CUST00603,High Groceries/Fuel ratio – Household User
CUST00604,High Groceries/Fuel ratio – Household User
CUST00605,Low txn count / High avg value – Premium User
CUST00606,High Groceries/Fuel ratio – Household User
CUST00607,High txn count / Low avg value – Daily Spender
CUST00608,Low txn count / High avg value – Premium User
CUST00609,High txn count / Low avg value – Daily Spender
CUST00610,High Groceries/Fuel ratio – Household User
CUST00611,High txn count / Low avg value – Daily Spender
CUST00612,High txn count / Low avg value – Daily Spender
CUST00613,High Groceries/Fuel ratio – Household User
CUST00614,High txn count / Low avg value – Daily Spender
CUST00615,High txn count / Low avg value – Daily Spender
CUST00616,High Groceries/Fuel ratio – Household User
CUST00617,High txn count / Low avg value – Daily Spender
CUST00618,Low Activity – Dormant User
CUST00619,High txn count / Low avg value – Daily Spender
CUST00620,High Groceries/Fuel ratio – Household User
CUST00621,High Groceries/Fuel ratio – Household User
CUST00622,High txn count / Low avg value – Daily Spender
CUST00623,Low txn count / High avg value – Premium User
CUST00624,High txn count / Low avg value – Daily Spender
CUST00625,High txn count / Low avg value – Daily Spender
CUST00626,Low txn count / High avg value – Premium User
CUST00627,High Travel & Dining – Lifestyle User
CUST00628,High Groceries/Fuel ratio – Household User
CUST00629,High txn count / Low avg value – Daily Spender
CUST00630,High txn count / Low avg value – Daily Spender
CUST00631,Low txn count / High avg value – Premium User
CUST00632,Low txn count / High avg value – Premium User
CUST00633,Low txn count / High avg value – Premium User
CUST00634,High Groceries/Fuel ratio – Household User
CUST00635,High Groceries/Fuel ratio – Household User
CUST00636,Low txn count / High avg value – Premium User
CUST00637,High Groceries/Fuel ratio – Household User
CUST00638,High txn count / Low avg value – Daily Spender
CUST00639,High txn count / Low avg value – Daily Spender
CUST00640,High Groceries/Fuel ratio – Household User
CUST00641,High txn count / Low avg value – Daily Spender
CUST00642,High Groceries/Fuel ratio – Household User
CUST00643,High txn count / Low avg value – Daily Spender
CUST00644,High Groceries/Fuel ratio – Household User
CUST00645,Low txn count / High avg value – Premium User
CUST00646,Low txn count / High avg value – Premium User
CUST00647,High txn count / Low avg value – Daily Spender
CUST00648,High txn count / Low avg value – Daily Spender
CUST00649,High Groceries/Fuel ratio – Household User
CUST00650,High Groceries/Fuel ratio – Household User
CUST00651,Low txn count / High avg value – Premium User
CUST00652,Low txn count / High avg value – Premium User
CUST00653,High txn count / Low avg value – Daily Spender
CUST00654,Low txn count / High avg value – Premium User
CUST00655,High Groceries/Fuel ratio – Household User
CUST00656,High txn count / Low avg value – Daily Spender
CUST00657,High txn count / Low avg value – Daily Spender
CUST00658,High txn count / Low avg value – Daily Spender
CUST00659,Low txn count / High avg value – Premium User
CUST00660,High txn count / Low avg value – Daily Spender
CUST00661,High Travel & Dining – Lifestyle User
CUST00662,High txn count / Low avg value – Daily Spender
CUST00663,High Groceries/Fuel ratio – Household User
CUST00664,High Groceries/Fuel ratio – Household User
CUST00665,High Groceries/Fuel ratio – Household User
CUST00666,High Groceries/Fuel ratio – Household User
CUST00667,High Groceries/Fuel ratio – Household User
CUST00668,Low txn count / High avg value – Premium User
CUST00669,High txn count / Low avg value – Daily Spender
CUST00670,High Groceries/Fuel ratio – Household User
CUST00671,Low txn count / High avg value – Premium User
CUST00672,High Groceries/Fuel ratio – Household User
CUST00673,Low txn count / High avg value – Premium User
CUST00674,High Groceries/Fuel ratio – Household User
CUST00675,High txn count / Low avg value – Daily Spender
CUST00676,High Groceries/Fuel ratio – Household User
CUST00677,Low Activity – Dormant User
CUST00678,High Travel & Dining – Lifestyle User
CUST00679,High Travel & Dining – Lifestyle User
CUST00680,High txn count / Low avg value – Daily Spender
CUST00681,High txn count / Low avg value – Daily Spender
CUST00682,High Groceries/Fuel ratio – Household User
CUST00683,High txn count / Low avg value – Daily Spender
CUST00684,Low txn count / High avg value – Premium User
CUST00685,Low txn count / High avg value – Premium User
CUST00686,Low txn count / High avg value – Premium User
CUST00687,High txn count / Low avg value – Daily Spender
CUST00688,High txn count / Low avg value – Daily Spender
CUST00689,High Groceries/Fuel ratio – Household User
CUST00690,High txn count / Low avg value – Daily Spender
CUST00691,High Groceries/Fuel ratio – Household User
CUST00692,Low txn count / High avg value – Premium User
CUST00693,High Groceries/Fuel ratio – Household User
CUST00694,High Groceries/Fuel ratio – Household User
CUST00695,High txn count / Low avg value – Daily Spender
CUST00696,High txn count / Low avg value – Daily Spender
CUST00697,Low txn count / High avg value – Premium User
CUST00698,High Groceries/Fuel ratio – Household User
CUST00699,Low txn count / High avg value – Premium User
CUST00700,High Groceries/Fuel ratio – Household User
CUST00701,High Groceries/Fuel ratio – Household User
CUST00702,High txn count / Low avg value – Daily Spender
CUST00703,High Groceries/Fuel ratio – Household User
CUST00704,High Groceries/Fuel ratio – Household User
CUST00705,High Travel & Dining – Lifestyle User
CUST00706,High txn count / Low avg value – Daily Spender
CUST00707,High txn count / Low avg value – Daily Spender
CUST00708,High txn count / Low avg value – Daily Spender
CUST00709,High txn count / Low avg value – Daily Spender
CUST00710,High txn count / Low avg value – Daily Spender
CUST00711,Low txn count / High avg value – Premium User
CUST00712,Low txn count / High avg value – Premium User
CUST00713,High Groceries/Fuel ratio – Household User
CUST00714,High txn count / Low avg value – Daily Spender
CUST00715,High txn count / Low avg value – Daily Spender
CUST00716,Low txn count / High avg value – Premium User
CUST00717,Low txn count / High avg value – Premium User
CUST00718,High Groceries/Fuel ratio – Household User
CUST00719,High txn count / Low avg value – Daily Spender
CUST00720,High Travel & Dining – Lifestyle User
CUST00721,High Groceries/Fuel ratio – Household User
CUST00722,High Groceries/Fuel ratio – Household User
CUST00723,High txn count / Low avg value – Daily Spender
CUST00724,Low txn count / High avg value – Premium User
CUST00725,High Travel & Dining – Lifestyle User
CUST00726,High Groceries/Fuel ratio – Household User
CUST00727,High txn count / Low avg value – Daily Spender
CUST00728,High Groceries/Fuel ratio – Household User
CUST00729,High Groceries/Fuel ratio – Household User
CUST00730,High Groceries/Fuel ratio – Household User
CUST00731,High txn count / Low avg value – Daily Spender
CUST00732,High txn count / Low avg value – Daily Spender
CUST00733,Low txn count / High avg value – Premium User
CUST00734,High txn count / Low avg value – Daily Spender
CUST00735,Low txn count / High avg value – Premium User
CUST00736,High txn count / Low avg value – Daily Spender
CUST00737,Low txn count / High avg value – Premium User
CUST00738,Low txn count / High avg value – Premium User
CUST00739,High txn count / Low avg value – Daily Spender
CUST00740,Low txn count / High avg value – Premium User
CUST00741,High txn count / Low avg value – Daily Spender
CUST00742,High txn count / Low avg value – Daily Spender
CUST00743,Low txn count / High avg value – Premium User
CUST00744,High Groceries/Fuel ratio – Household User
CUST00745,Low Activity – Dormant User
CUST00746,High txn count / Low avg value – Daily Spender
CUST00747,Low txn count / High avg value – Premium User
CUST00748,High Travel & Dining – Lifestyle User
CUST00749,High txn count / Low avg value – Daily Spender
CUST00750,High Groceries/Fuel ratio – Household User
CUST00751,Low txn count / High avg value – Premium User
CUST00752,High txn count / Low avg value – Daily Spender
CUST00753,High txn count / Low avg value – Daily Spender
CUST00754,High Groceries/Fuel ratio – Household User
CUST00755,High txn count / Low avg value – Daily Spender
CUST00756,High txn count / Low avg value – Daily Spender
CUST00757,Low txn count / High avg value – Premium User
CUST00758,High txn count / Low avg value – Daily Spender
CUST00759,High txn count / Low avg value – Daily Spender
CUST00760,High Groceries/Fuel ratio – Household User
CUST00761,High txn count / Low avg value – Daily Spender
CUST00762,High Groceries/Fuel ratio – Household User
CUST00763,High txn count / Low avg value – Daily Spender
CUST00764,High Groceries/Fuel ratio – Household User
CUST00765,Low txn count / High avg value – Premium User
CUST00766,High txn count / Low avg value – Daily Spender
CUST00767,Low txn count / High avg value – Premium User
CUST00768,Low Activity – Dormant User
CUST00769,Low txn count / High avg value – Premium User
CUST00770,High Groceries/Fuel ratio – Household User
CUST00771,High Travel & Dining – Lifestyle User
CUST00772,High Groceries/Fuel ratio – Household User
CUST00773,High txn count / Low avg value – Daily Spender
CUST00774,High txn count / Low avg value – Daily Spender
CUST00775,High Groceries/Fuel ratio – Household User
CUST00776,High Groceries/Fuel ratio – Household User
CUST00777,High txn count / Low avg value – Daily Spender
CUST00778,High txn count / Low avg value – Daily Spender
CUST00779,High txn count / Low avg value – Daily Spender
CUST00780,High txn count / Low avg value – Daily Spender
CUST00781,Low txn count / High avg value – Premium User
CUST00782,High txn count / Low avg value – Daily Spender
CUST00783,High txn count / Low avg value – Daily Spender
CUST00784,High Groceries/Fuel ratio – Household User
CUST00785,Low txn count / High avg value – Premium User
CUST00786,Low txn count / High avg value – Premium User
CUST00787,Low txn count / High avg value – Premium User
CUST00788,Low txn count / High avg value – Premium User
CUST00789,High Travel & Dining – Lifestyle User
CUST00790,High Groceries/Fuel ratio – Household User
CUST00791,Low txn count / High avg value – Premium User
CUST00792,Low txn count / High avg value – Premium User
CUST00793,High txn count / Low avg value – Daily Spender
CUST00794,High Groceries/Fuel ratio – Household User
CUST00795,Low txn count / High avg value – Premium User
CUST00796,High txn count / Low avg value – Daily Spender
CUST00797,Low txn count / High avg value – Premium User
CUST00798,High txn count / Low avg value – Daily Spender
CUST00799,Low txn count / High avg value – Premium User
CUST00800,High txn count / Low avg value – Daily Spender
CUST00801,High Groceries/Fuel ratio – Household User
CUST00802,Low txn count / High avg value – Premium User
CUST00803,High txn count / Low avg value – Daily Spender
CUST00804,Low txn count / High avg value – Premium User
CUST00805,High txn count / Low avg value – Daily Spender
CUST00806,High txn count / Low avg value – Daily Spender
CUST00807,Low txn count / High avg value – Premium User
CUST00808,Low txn count / High avg value – Premium User
CUST00809,High Groceries/Fuel ratio – Household User
CUST00810,Low Activity – Dormant User
CUST00811,Low txn count / High avg value – Premium User
CUST00812,High Groceries/Fuel ratio – Household User
CUST00813,Low txn count / High avg value – Premium User
CUST00814,High txn count / Low avg value – Daily Spender
CUST00815,Low txn count / High avg value – Premium User
CUST00816,Low txn count / High avg value – Premium User
CUST00817,High txn count / Low avg value – Daily Spender
CUST00818,High Groceries/Fuel ratio – Household User
CUST00819,High txn count / Low avg value – Daily Spender
CUST00820,Low txn count / High avg value – Premium User
CUST00821,High Groceries/Fuel ratio – Household User
CUST00822,High txn count / Low avg value – Daily Spender
CUST00823,High txn count / Low avg value – Daily Spender
CUST00824,Low txn count / High avg value – Premium User
CUST00825,High Travel & Dining – Lifestyle User
CUST00826,Low Activity – Dormant User
CUST00827,High txn count / Low avg value – Daily Spender
CUST00828,High txn count / Low avg value – Daily Spender
CUST00829,Low txn count / High avg value – Premium User
CUST00830,High Groceries/Fuel ratio – Household User
CUST00831,Low txn count / High avg value – Premium User
CUST00832,High Groceries/Fuel ratio – Household User
CUST00833,High Groceries/Fuel ratio – Household User
CUST00834,Low txn count / High avg value – Premium User
CUST00835,Low txn count / High avg value – Premium User
CUST00836,Low txn count / High avg value – Premium User
CUST00837,High txn count / Low avg value – Daily Spender
CUST00838,Low txn count / High avg value – Premium User
CUST00839,High txn count / Low avg value – Daily Spender
CUST00840,High Groceries/Fuel ratio – Household User
CUST00841,High txn count / Low avg value – Daily Spender
CUST00842,High Groceries/Fuel ratio – Household User
CUST00843,High txn count / Low avg value – Daily Spender
CUST00844,High Groceries/Fuel ratio – Household User
CUST00845,Low txn count / High avg value – Premium User
CUST00846,High Groceries/Fuel ratio – Household User
CUST00847,High Travel & Dining – Lifestyle User
CUST00848,Low txn count / High avg value – Premium User
CUST00849,Low txn count / High avg value – Premium User
CUST00850,High Groceries/Fuel ratio – Household User
CUST00851,High txn count / Low avg value – Daily Spender
CUST00852,High Groceries/Fuel ratio – Household User
CUST00853,Low txn count / High avg value – Premium User
CUST00854,High Groceries/Fuel ratio – Household User
CUST00855,High Groceries/Fuel ratio – Household User
CUST00856,High Groceries/Fuel ratio – Household User
CUST00857,Low txn count / High avg value – Premium User
CUST00858,Low txn count / High avg value – Premium User
CUST00859,High Groceries/Fuel ratio – Household User
CUST00860,High txn count / Low avg value – Daily Spender
CUST00861,Low txn count / High avg value – Premium User
CUST00862,Low txn count / High avg value – Premium User
CUST00863,Low txn count / High avg value – Premium User
CUST00864,Low txn count / High avg value – Premium User
CUST00865,Low txn count / High avg value – Premium User
CUST00866,High Groceries/Fuel ratio – Household User
CUST00867,Low txn count / High avg value – Premium User
CUST00868,High txn count / Low avg value – Daily Spender
CUST00869,Low Activity – Dormant User
CUST00870,High txn count / Low avg value – Daily Spender
CUST00871,High txn count / Low avg value – Daily Spender
CUST00872,High txn count / Low avg value – Daily Spender
CUST00873,Low txn count / High avg value – Premium User
CUST00874,High Groceries/Fuel ratio – Household User
CUST00875,High Groceries/Fuel ratio – Household User
CUST00876,High txn count / Low avg value – Daily Spender
CUST00877,High txn count / Low avg value – Daily Spender
CUST00878,High Groceries/Fuel ratio – Household User
CUST00879,High Groceries/Fuel ratio – Household User
CUST00880,High Groceries/Fuel ratio – Household User
CUST00881,High txn count / Low avg value – Daily Spender
CUST00882,High Groceries/Fuel ratio – Household User
CUST00883,High Groceries/Fuel ratio – Household User
CUST00884,High txn count / Low avg value – Daily Spender
CUST00885,High Groceries/Fuel ratio – Household User
CUST00886,High txn count / Low avg value – Daily Spender
CUST00887,High Groceries/Fuel ratio – Household User
CUST00888,High Groceries/Fuel ratio – Household User
CUST00889,High Groceries/Fuel ratio – Household User
CUST00890,High txn count / Low avg value – Daily Spender
CUST00891,High txn count / Low avg value – Daily Spender
CUST00892,High txn count / Low avg value – Daily Spender
CUST00893,High txn count / Low avg value – Daily Spender
CUST00894,High txn count / Low avg value – Daily Spender
CUST00895,High Groceries/Fuel ratio – Household User
CUST00896,High txn count / Low avg value – Daily Spender
CUST00897,High txn count / Low avg value – Daily Spender
CUST00898,High Groceries/Fuel ratio – Household User
CUST00899,High Groceries/Fuel ratio – Household User
CUST00900,High Groceries/Fuel ratio – Household User
CUST00901,High Groceries/Fuel ratio – Household User
CUST00902,High Groceries/Fuel ratio – Household User
CUST00903,Low txn count / High avg value – Premium User
CUST00904,High Groceries/Fuel ratio – Household User
CUST00905,Low txn count / High avg value – Premium User
CUST00906,High Travel & Dining – Lifestyle User
CUST00907,High txn count / Low avg value – Daily Spender
CUST00908,High txn count / Low avg value – Daily Spender
CUST00909,High txn count / Low avg value – Daily Spender
CUST00910,Low txn count / High avg value – Premium User
CUST00911,High Travel & Dining – Lifestyle User
CUST00912,High txn count / Low avg value – Daily Spender
CUST00913,Low txn count / High avg value – Premium User
CUST00914,Low txn count / High avg value – Premium User
CUST00915,Low txn count / High avg value – Premium User
CUST00916,High txn count / Low avg value – Daily Spender
CUST00917,Low txn count / High avg value – Premium User
CUST00918,High txn count / Low avg value – Daily Spender
CUST00919,High Groceries/Fuel ratio – Household User
CUST00920,High Travel & Dining – Lifestyle User
CUST00921,Low txn count / High avg value – Premium User
CUST00922,High txn count / Low avg value – Daily Spender
CUST00923,High txn count / Low avg value – Daily Spender
CUST00924,Low txn count / High avg value – Premium User
CUST00925,High Groceries/Fuel ratio – Household User
CUST00926,High txn count / Low avg value – Daily Spender
CUST00927,Low txn count / High avg value – Premium User
CUST00928,High Travel & Dining – Lifestyle User
CUST00929,High txn count / Low avg value – Daily Spender
CUST00930,High Groceries/Fuel ratio – Household User
CUST00931,Low txn count / High avg value – Premium User
CUST00932,Low txn count / High avg value – Premium User
CUST00933,High Groceries/Fuel ratio – Household User
CUST00934,High Groceries/Fuel ratio – Household User
CUST00935,Low Activity – Dormant User
CUST00936,High Groceries/Fuel ratio – Household User
CUST00937,High txn count / Low avg value – Daily Spender
CUST00938,High Groceries/Fuel ratio – Household User
CUST00939,Low txn count / High avg value – Premium User
CUST00940,High txn count / Low avg value – Daily Spender
CUST00941,Low txn count / High avg value – Premium User
CUST00942,High txn count / Low avg value – Daily Spender
CUST00943,Low txn count / High avg value – Premium User
CUST00944,High Groceries/Fuel ratio – Household User
CUST00945,High Groceries/Fuel ratio – Household User
CUST00946,High Groceries/Fuel ratio – Household User
CUST00947,Low txn count / High avg value – Premium User
CUST00948,High txn count / Low avg value – Daily Spender
CUST00949,Low txn count / High avg value – Premium User
CUST00950,High txn count / Low avg value – Daily Spender
CUST00951,High txn count / Low avg value – Daily Spender
CUST00952,High Groceries/Fuel ratio – Household User
CUST00953,Low txn count / High avg value – Premium User
CUST00954,Low txn count / High avg value – Premium User
CUST00955,High txn count / Low avg value – Daily Spender
CUST00956,Low txn count / High avg value – Premium User
CUST00957,High Groceries/Fuel ratio – Household User
CUST00958,High Groceries/Fuel ratio – Household User
CUST00959,High txn count / Low avg value – Daily Spender
CUST00960,High Groceries/Fuel ratio – Household User
CUST00961,High txn count / Low avg value – Daily Spender
CUST00962,High Groceries/Fuel ratio – Household User
CUST00963,High txn count / Low avg value – Daily Spender
CUST00964,High txn count / Low avg value – Daily Spender
CUST00965,High txn count / Low avg value – Daily Spender
CUST00966,High txn count / Low avg value – Daily Spender
CUST00967,High txn count / Low avg value – Daily Spender
CUST00968,Low txn count / High avg value – Premium User
CUST00969,High Groceries/Fuel ratio – Household User
CUST00970,High txn count / Low avg value – Daily Spender
CUST00971,High txn count / Low avg value – Daily Spender
CUST00972,High txn count / Low avg value – Daily Spender
CUST00973,High Groceries/Fuel ratio – Household User
CUST00974,High Groceries/Fuel ratio – Household User
CUST00975,High txn count / Low avg value – Daily Spender
CUST00976,Low txn count / High avg value – Premium User
CUST00977,High Groceries/Fuel ratio – Household User
CUST00978,Low txn count / High avg value – Premium User
CUST00979,Low txn count / High avg value – Premium User
CUST00980,High txn count / Low avg value – Daily Spender
CUST00981,High txn count / Low avg value – Daily Spender
CUST00982,High Groceries/Fuel ratio – Household User
CUST00983,High Groceries/Fuel ratio – Household User
CUST00984,High txn count / Low avg value – Daily Spender
CUST00985,Low txn count / High avg value – Premium User
CUST00986,High txn count / Low avg value – Daily Spender
CUST00987,Low txn count / High avg value – Premium User
CUST00988,High Groceries/Fuel ratio – Household User
CUST00989,High txn count / Low avg value – Daily Spender
CUST00990,High txn count / Low avg value – Daily Spender
CUST00991,High txn count / Low avg value – Daily Spender
CUST00992,High txn count / Low avg value – Daily Spender
CUST00993,Low txn count / High avg value – Premium User
CUST00994,High txn count / Low avg value – Daily Spender
CUST00995,High Groceries/Fuel ratio – Household User
CUST00996,Low txn count / High avg value – Premium User
CUST00997,High Groceries/Fuel ratio – Household User
CUST00998,Low txn count / High avg value – Premium User
CUST00999,Low txn count / High avg value – Premium User
CUST01000,High Groceries/Fuel ratio – Household User
CUST01001,Low txn count / High avg value – Premium User
CUST01002,Low Activity – Dormant User
CUST01003,High txn count / Low avg value – Daily Spender
CUST01004,High Travel & Dining – Lifestyle User
CUST01005,High txn count / Low avg value – Daily Spender
CUST01006,High txn count / Low avg value – Daily Spender
CUST01007,High txn count / Low avg value – Daily Spender
CUST01008,High Groceries/Fuel ratio – Household User
CUST01009,Low txn count / High avg value – Premium User
CUST01010,High Groceries/Fuel ratio – Household User
CUST01011,High txn count / Low avg value – Daily Spender
CUST01012,Low txn count / High avg value – Premium User
CUST01013,High Groceries/Fuel ratio – Household User
CUST01014,High txn count / Low avg value – Daily Spender
CUST01015,Low txn count / High avg value – Premium User
CUST01016,High Groceries/Fuel ratio – Household User
CUST01017,Low txn count / High avg value – Premium User
CUST01018,High Travel & Dining – Lifestyle User
CUST01019,High Groceries/Fuel ratio – Household User
CUST01020,High txn count / Low avg value – Daily Spender
CUST01021,High txn count / Low avg value – Daily Spender
CUST01022,High txn count / Low avg value – Daily Spender
CUST01023,Low txn count / High avg value – Premium User
CUST01024,Low Activity – Dormant User
CUST01025,Low txn count / High avg value – Premium User
CUST01026,Low Activity – Dormant User
CUST01027,High txn count / Low avg value – Daily Spender
CUST01028,High txn count / Low avg value – Daily Spender
CUST01029,Low txn count / High avg value – Premium User
CUST01030,High Groceries/Fuel ratio – Household User
CUST01031,Low txn count / High avg value – Premium User
CUST01032,High Groceries/Fuel ratio – Household User
CUST01033,High Groceries/Fuel ratio – Household User
CUST01034,High Groceries/Fuel ratio – Household User
CUST01035,High txn count / Low avg value – Daily Spender
CUST01036,High txn count / Low avg value – Daily Spender
CUST01037,High txn count / Low avg value – Daily Spender
CUST01038,High Groceries/Fuel ratio – Household User
CUST01039,High txn count / Low avg value – Daily Spender
CUST01040,Low txn count / High avg value – Premium User
CUST01041,High txn count / Low avg value – Daily Spender
CUST01042,High txn count / Low avg value – Daily Spender
CUST01043,High txn count / Low avg value – Daily Spender
CUST01044,Low txn count / High avg value – Premium User
CUST01045,High txn count / Low avg value – Daily Spender
CUST01046,High Groceries/Fuel ratio – Household User
CUST01047,High Groceries/Fuel ratio – Household User
CUST01048,Low txn count / High avg value – Premium User
CUST01049,High Groceries/Fuel ratio – Household User
CUST01050,High txn count / Low avg value – Daily Spender
CUST01051,Low txn count / High avg value – Premium User
CUST01052,High Travel & Dining – Lifestyle User
CUST01053,High txn count / Low avg value – Daily Spender
CUST01054,Low txn count / High avg value – Premium User
CUST01055,High txn count / Low avg value – Daily Spender
CUST01056,High txn count / Low avg value – Daily Spender
CUST01057,Low txn count / High avg value – Premium User
CUST01058,Low txn count / High avg value – Premium User
CUST01059,High txn count / Low avg value – Daily Spender
CUST01060,Low txn count / High avg value – Premium User
CUST01061,High txn count / Low avg value – Daily Spender
CUST01062,High txn count / Low avg value – Daily Spender
CUST01063,Low txn count / High avg value – Premium User
CUST01064,Low txn count / High avg value – Premium User
CUST01065,High txn count / Low avg value – Daily Spender
CUST01066,High Groceries/Fuel ratio – Household User
CUST01067,High Groceries/Fuel ratio – Household User
CUST01068,High txn count / Low avg value – Daily Spender
CUST01069,High txn count / Low avg value – Daily Spender
CUST01070,High txn count / Low avg value – Daily Spender
CUST01071,High Groceries/Fuel ratio – Household User
CUST01072,High Groceries/Fuel ratio – Household User
CUST01073,High Groceries/Fuel ratio – Household User
CUST01074,High Travel & Dining – Lifestyle User
CUST01075,Low txn count / High avg value – Premium User
CUST01076,High txn count / Low avg value – Daily Spender
CUST01077,High txn count / Low avg value – Daily Spender
CUST01078,High Groceries/Fuel ratio – Household User
CUST01079,High txn count / Low avg value – Daily Spender
CUST01080,High txn count / Low avg value – Daily Spender
CUST01081,High Groceries/Fuel ratio – Household User
CUST01082,Low txn count / High avg value – Premium User
CUST01083,Low txn count / High avg value – Premium User
CUST01084,High txn count / Low avg value – Daily Spender
CUST01085,Low txn count / High avg value – Premium User
CUST01086,High txn count / Low avg value – Daily Spender
CUST01087,High Groceries/Fuel ratio – Household User
CUST01088,Low Activity – Dormant User
CUST01089,High Groceries/Fuel ratio – Household User
CUST01090,Low Activity – Dormant User
CUST01091,High txn count / Low avg value – Daily Spender
CUST01092,High txn count / Low avg value – Daily Spender
CUST01093,High Groceries/Fuel ratio – Household User
CUST01094,High Groceries/Fuel ratio – Household User
CUST01095,High Groceries/Fuel ratio – Household User
CUST01096,High Groceries/Fuel ratio – Household User
CUST01097,High Groceries/Fuel ratio – Household User
CUST01098,High txn count / Low avg value – Daily Spender
CUST01099,High txn count / Low avg value – Daily Spender
CUST01100,High Groceries/Fuel ratio – Household User
CUST01101,High Travel & Dining – Lifestyle User
CUST01102,High Travel & Dining – Lifestyle User
CUST01103,Low txn count / High avg value – Premium User
CUST01104,High txn count / Low avg value – Daily Spender
CUST01105,High Groceries/Fuel ratio – Household User
CUST01106,High txn count / Low avg value – Daily Spender
CUST01107,High txn count / Low avg value – Daily Spender
CUST01108,High txn count / Low avg value – Daily Spender
CUST01109,High Groceries/Fuel ratio – Household User
CUST01110,Low Activity – Dormant User
CUST01111,High Groceries/Fuel ratio – Household User
CUST01112,High Groceries/Fuel ratio – Household User
CUST01113,Low txn count / High avg value – Premium User
CUST01114,Low txn count / High avg value – Premium User
CUST01115,Low txn count / High avg value – Premium User
CUST01116,Low txn count / High avg value – Premium User
CUST01117,Low Activity – Dormant User
CUST01118,High txn count / Low avg value – Daily Spender
CUST01119,High Groceries/Fuel ratio – Household User
CUST01120,Low txn count / High avg value – Premium User
CUST01121,High txn count / Low avg value – Daily Spender
CUST01122,Low txn count / High avg value – Premium User
CUST01123,Low txn count / High avg value – Premium User
CUST01124,High txn count / Low avg value – Daily Spender
CUST01125,Low txn count / High avg value – Premium User
CUST01126,High Groceries/Fuel ratio – Household User
CUST01127,Low txn count / High avg value – Premium User
CUST01128,High txn count / Low avg value – Daily Spender
CUST01129,High txn count / Low avg value – Daily Spender
CUST01130,High txn count / Low avg value – Daily Spender
CUST01131,Low txn count / High avg value – Premium User
CUST01132,High Groceries/Fuel ratio – Household User
CUST01133,High Groceries/Fuel ratio – Household User
CUST01134,High txn count / Low avg value – Daily Spender
CUST01135,High Groceries/Fuel ratio – Household User
CUST01136,Low txn count / High avg value – Premium User
CUST01137,Low txn count / High avg value – Premium User
CUST01138,Low txn count / High avg value – Premium User
CUST01139,Low txn count / High avg value – Premium User
CUST01140,High txn count / Low avg value – Daily Spender
CUST01141,Low Activity – Dormant User
CUST01142,High txn count / Low avg value – Daily Spender
CUST01143,Low txn count / High avg value – Premium User
CUST01144,High txn count / Low avg value – Daily Spender
CUST01145,Low txn count / High avg value – Premium User
CUST01146,High txn count / Low avg value – Daily Spender
CUST01147,High txn count / Low avg value – Daily Spender
CUST01148,Low txn count / High avg value – Premium User
CUST01149,High Travel & Dining – Lifestyle User
CUST01150,High txn count / Low avg value – Daily Spender
CUST01151,Low txn count / High avg value – Premium User
CUST01152,High txn count / Low avg value – Daily Spender
CUST01153,High txn count / Low avg value – Daily Spender
CUST01154,High txn count / Low avg value – Daily Spender
CUST01155,High txn count / Low avg value – Daily Spender
CUST01156,High Groceries/Fuel ratio – Household User
CUST01157,Low txn count / High avg value – Premium User
CUST01158,Low Activity – Dormant User
CUST01159,High Groceries/Fuel ratio – Household User
CUST01160,Low Activity – Dormant User
CUST01161,High Groceries/Fuel ratio – Household User
CUST01162,High txn count / Low avg value – Daily Spender
CUST01163,High txn count / Low avg value – Daily Spender
CUST01164,High Groceries/Fuel ratio – Household User
CUST01165,Low txn count / High avg value – Premium User
CUST01166,High txn count / Low avg value – Daily Spender
CUST01167,Low txn count / High avg value – Premium User
CUST01168,High Groceries/Fuel ratio – Household User
CUST01169,High Travel & Dining – Lifestyle User
CUST01170,High txn count / Low avg value – Daily Spender
CUST01171,Low txn count / High avg value – Premium User
CUST01172,High txn count / Low avg value – Daily Spender
CUST01173,High Travel & Dining – Lifestyle User
CUST01174,High txn count / Low avg value – Daily Spender
CUST01175,Low txn count / High avg value – Premium User
CUST01176,High txn count / Low avg value – Daily Spender
CUST01177,High Groceries/Fuel ratio – Household User
CUST01178,High txn count / Low avg value – Daily Spender
CUST01179,Low txn count / High avg value – Premium User
CUST01180,Low Activity – Dormant User
CUST01181,High txn count / Low avg value – Daily Spender
CUST01182,High txn count / Low avg value – Daily Spender
CUST01183,Low txn count / High avg value – Premium User
CUST01184,High Groceries/Fuel ratio – Household User
CUST01185,High txn count / Low avg value – Daily Spender
CUST01186,High txn count / Low avg value – Daily Spender
CUST01187,High Groceries/Fuel ratio – Household User
CUST01188,High txn count / Low avg value – Daily Spender
CUST01189,High txn count / Low avg value – Daily Spender
CUST01190,High Groceries/Fuel ratio – Household User
CUST01191,Low txn count / High avg value – Premium User
CUST01192,High txn count / Low avg value – Daily Spender
CUST01193,High txn count / Low avg value – Daily Spender
CUST01194,High Groceries/Fuel ratio – Household User
CUST01195,Low txn count / High avg value – Premium User
CUST01196,Low txn count / High avg value – Premium User
CUST01197,High txn count / Low avg value – Daily Spender
CUST01198,High txn count / Low avg value – Daily Spender
CUST01199,High Groceries/Fuel ratio – Household User
CUST01200,High txn count / Low avg value – Daily Spender
CUST01201,High Groceries/Fuel ratio – Household User
CUST01202,High Groceries/Fuel ratio – Household User
CUST01203,High txn count / Low avg value – Daily Spender
CUST01204,Low txn count / High avg value – Premium User
CUST01205,High txn count / Low avg value – Daily Spender
CUST01206,High txn count / Low avg value – Daily Spender
CUST01207,Low txn count / High avg value – Premium User
CUST01208,High txn count / Low avg value – Daily Spender
CUST01209,High txn count / Low avg value – Daily Spender
CUST01210,Low txn count / High avg value – Premium User
CUST01211,Low txn count / High avg value – Premium User
CUST01212,High Groceries/Fuel ratio – Household User
CUST01213,High txn count / Low avg value – Daily Spender
CUST01214,High txn count / Low avg value – Daily Spender
CUST01215,High Groceries/Fuel ratio – Household User
CUST01216,High Groceries/Fuel ratio – Household User
CUST01217,High txn count / Low avg value – Daily Spender
CUST01218,High txn count / Low avg value – Daily Spender
CUST01219,High txn count / Low avg value – Daily Spender
CUST01220,Low txn count / High avg value – Premium User
CUST01221,High Groceries/Fuel ratio – Household User
CUST01222,High Groceries/Fuel ratio – Household User
CUST01223,High txn count / Low avg value – Daily Spender
CUST01224,Low txn count / High avg value – Premium User
CUST01225,High txn count / Low avg value – Daily Spender
CUST01226,High txn count / Low avg value – Daily Spender
CUST01227,High txn count / Low avg value – Daily Spender
CUST01228,High txn count / Low avg value – Daily Spender
CUST01229,Low txn count / High avg value – Premium User
CUST01230,Low txn count / High avg value – Premium User
CUST01231,High Groceries/Fuel ratio – Household User
CUST01232,High Groceries/Fuel ratio – Household User
CUST01233,High Groceries/Fuel ratio – Household User
CUST01234,High txn count / Low avg value – Daily Spender
CUST01235,High txn count / Low avg value – Daily Spender
CUST01236,Low txn count / High avg value – Premium User
CUST01237,Low txn count / High avg value – Premium User
CUST01238,High txn count / Low avg value – Daily Spender
CUST01239,High Groceries/Fuel ratio – Household User
CUST01240,Low Activity – Dormant User
CUST01241,High txn count / Low avg value – Daily Spender
CUST01242,High txn count / Low avg value – Daily Spender
CUST01243,Low txn count / High avg value – Premium User
CUST01244,High txn count / Low avg value – Daily Spender
CUST01245,High txn count / Low avg value – Daily Spender
CUST01246,High Groceries/Fuel ratio – Household User
CUST01247,High Groceries/Fuel ratio – Household User
CUST01248,Low txn count / High avg value – Premium User
CUST01249,High txn count / Low avg value – Daily Spender
CUST01250,High txn count / Low avg value – Daily Spender
CUST01251,Low txn count / High avg value – Premium User
CUST01252,High Groceries/Fuel ratio – Household User
CUST01253,High Groceries/Fuel ratio – Household User
CUST01254,High txn count / Low avg value – Daily Spender
CUST01255,Low txn count / High avg value – Premium User
CUST01256,High Groceries/Fuel ratio – Household User
CUST01257,Low txn count / High avg value – Premium User
CUST01258,High Groceries/Fuel ratio – Household User
CUST01259,Low txn count / High avg value – Premium User
CUST01260,High txn count / Low avg value – Daily Spender
CUST01261,High txn count / Low avg value – Daily Spender
CUST01262,High txn count / Low avg value – Daily Spender
CUST01263,Low txn count / High avg value – Premium User
CUST01264,High Groceries/Fuel ratio – Household User
CUST01265,High Groceries/Fuel ratio – Household User
CUST01266,High txn count / Low avg value – Daily Spender
CUST01267,Low txn count / High avg value – Premium User
CUST01268,High txn count / Low avg value – Daily Spender
CUST01269,High txn count / Low avg value – Daily Spender
CUST01270,High txn count / Low avg value – Daily Spender
CUST01271,High Travel & Dining – Lifestyle User
CUST01272,High txn count / Low avg value – Daily Spender
CUST01273,High Groceries/Fuel ratio – Household User
CUST01274,Low txn count / High avg value – Premium User
CUST01275,High Groceries/Fuel ratio – Household User
CUST01276,High Groceries/Fuel ratio – Household User
CUST01277,Low Activity – Dormant User
CUST01278,High Groceries/Fuel ratio – Household User
CUST01279,Low txn count / High avg value – Premium User
CUST01280,High txn count / Low avg value – Daily Spender
CUST01281,High txn count / Low avg value – Daily Spender
CUST01282,High Groceries/Fuel ratio – Household User
CUST01283,High Groceries/Fuel ratio – Household User
CUST01284,High txn count / Low avg value – Daily Spender
CUST01285,Low txn count / High avg value – Premium User
CUST01286,High Groceries/Fuel ratio – Household User
CUST01287,High txn count / Low avg value – Daily Spender
CUST01288,High Groceries/Fuel ratio – Household User
CUST01289,High Groceries/Fuel ratio – Household User
CUST01290,High txn count / Low avg value – Daily Spender
CUST01291,Low txn count / High avg value – Premium User
CUST01292,Low txn count / High avg value – Premium User
CUST01293,High txn count / Low avg value – Daily Spender
CUST01294,High txn count / Low avg value – Daily Spender
CUST01295,Low txn count / High avg value – Premium User
CUST01296,High Groceries/Fuel ratio – Household User
CUST01297,High Groceries/Fuel ratio – Household User
CUST01298,High Travel & Dining – Lifestyle User
CUST01299,High txn count / Low avg value – Daily Spender
CUST01300,High Groceries/Fuel ratio – Household User
CUST01301,Low txn count / High avg value – Premium User
CUST01302,High Groceries/Fuel ratio – Household User
CUST01303,Low txn count / High avg value – Premium User
CUST01304,High txn count / Low avg value – Daily Spender
CUST01305,Low txn count / High avg value – Premium User
CUST01306,High txn count / Low avg value – Daily Spender
CUST01307,High Travel & Dining – Lifestyle User
CUST01308,High txn count / Low avg value – Daily Spender
CUST01309,Low txn count / High avg value – Premium User
CUST01310,High Groceries/Fuel ratio – Household User
CUST01311,Low txn count / High avg value – Premium User
CUST01312,Low txn count / High avg value – Premium User
CUST01313,Low txn count / High avg value – Premium User
CUST01314,Low txn count / High avg value – Premium User
CUST01315,High txn count / Low avg value – Daily Spender
CUST01316,Low txn count / High avg value – Premium User
CUST01317,High txn count / Low avg value – Daily Spender
CUST01318,High Groceries/Fuel ratio – Household User
CUST01319,High Groceries/Fuel ratio – Household User
CUST01320,High Groceries/Fuel ratio – Household User
CUST01321,High Groceries/Fuel ratio – Household User
CUST01322,Low Activity – Dormant User
CUST01323,High Groceries/Fuel ratio – Household User
CUST01324,Low txn count / High avg value – Premium User
CUST01325,High txn count / Low avg value – Daily Spender
CUST01326,High Groceries/Fuel ratio – Household User
CUST01327,High txn count / Low avg value – Daily Spender
CUST01328,High txn count / Low avg value – Daily Spender
CUST01329,Low txn count / High avg value – Premium User
CUST01330,Low txn count / High avg value – Premium User
CUST01331,High txn count / Low avg value – Daily Spender
CUST01332,High Groceries/Fuel ratio – Household User
CUST01333,Low txn count / High avg value – Premium User
CUST01334,Low txn count / High avg value – Premium User
CUST01335,High txn count / Low avg value – Daily Spender
CUST01336,High Groceries/Fuel ratio – Household User
CUST01337,High txn count / Low avg value – Daily Spender
CUST01338,High Groceries/Fuel ratio – Household User
CUST01339,High Groceries/Fuel ratio – Household User
CUST01340,Low Activity – Dormant User
CUST01341,Low txn count / High avg value – Premium User
CUST01342,High txn count / Low avg value – Daily Spender
CUST01343,High txn count / Low avg value – Daily Spender
CUST01344,High txn count / Low avg value – Daily Spender
CUST01345,Low txn count / High avg value – Premium User
CUST01346,High txn count / Low avg value – Daily Spender
CUST01347,High txn count / Low avg value – Daily Spender
CUST01348,High Groceries/Fuel ratio – Household User
CUST01349,High Groceries/Fuel ratio – Household User
CUST01350,High Travel & Dining – Lifestyle User
CUST01351,Low txn count / High avg value – Premium User
CUST01352,High Groceries/Fuel ratio – Household User
CUST01353,High txn count / Low avg value – Daily Spender
CUST01354,Low txn count / High avg value – Premium User
CUST01355,Low txn count / High avg value – Premium User
CUST01356,Low Activity – Dormant User
CUST01357,Low txn count / High avg value – Premium User
CUST01358,High txn count / Low avg value – Daily Spender
CUST01359,Low txn count / High avg value – Premium User
CUST01360,High Travel & Dining – Lifestyle User
CUST01361,High Groceries/Fuel ratio – Household User
CUST01362,High txn count / Low avg value – Daily Spender
CUST01363,High txn count / Low avg value – Daily Spender
CUST01364,High txn count / Low avg value – Daily Spender
CUST01365,High Groceries/Fuel ratio – Household User
CUST01366,High txn count / Low avg value – Daily Spender
CUST01367,Low Activity – Dormant User
CUST01368,High Groceries/Fuel ratio – Household User
CUST01369,High Groceries/Fuel ratio – Household User
CUST01370,Low Activity – Dormant User
CUST01371,High Groceries/Fuel ratio – Household User
CUST01372,High Travel & Dining – Lifestyle User
CUST01373,Low txn count / High avg value – Premium User
CUST01374,High Groceries/Fuel ratio – Household User
CUST01375,Low Activity – Dormant User
CUST01376,Low txn count / High avg value – Premium User
CUST01377,Low txn count / High avg value – Premium User
CUST01378,High txn count / Low avg value – Daily Spender
CUST01379,Low txn count / High avg value – Premium User
CUST01380,High Groceries/Fuel ratio – Household User
CUST01381,High txn count / Low avg value – Daily Spender
CUST01382,High Travel & Dining – Lifestyle User
CUST01383,High txn count / Low avg value – Daily Spender
CUST01384,Low Activity – Dormant User
CUST01385,High txn count / Low avg value – Daily Spender
CUST01386,High txn count / Low avg value – Daily Spender
CUST01387,High Groceries/Fuel ratio – Household User
CUST01388,High txn count / Low avg value – Daily Spender
CUST01389,Low txn count / High avg value – Premium User
CUST01390,Low txn count / High avg value – Premium User
CUST01391,High Groceries/Fuel ratio – Household User
CUST01392,High Groceries/Fuel ratio – Household User
CUST01393,Low txn count / High avg value – Premium User
CUST01394,High txn count / Low avg value – Daily Spender
CUST01395,Low txn count / High avg value – Premium User
CUST01396,Low txn count / High avg value – Premium User
CUST01397,High Groceries/Fuel ratio – Household User
CUST01398,High txn count / Low avg value – Daily Spender
CUST01399,High txn count / Low avg value – Daily Spender
CUST01400,High Groceries/Fuel ratio – Household User
CUST01401,High Groceries/Fuel ratio – Household User
CUST01402,High Groceries/Fuel ratio – Household User
CUST01403,High txn count / Low avg value – Daily Spender
CUST01404,High txn count / Low avg value – Daily Spender
CUST01405,Low txn count / High avg value – Premium User
CUST01406,Low txn count / High avg value – Premium User
CUST01407,High txn count / Low avg value – Daily Spender
CUST01408,Low txn count / High avg value – Premium User
CUST01409,Low Activity – Dormant User
CUST01410,High Groceries/Fuel ratio – Household User
CUST01411,High Groceries/Fuel ratio – Household User
CUST01412,High txn count / Low avg value – Daily Spender
CUST01413,High Groceries/Fuel ratio – Household User
CUST01414,Low txn count / High avg value – Premium User
CUST01415,High Travel & Dining – Lifestyle User
CUST01416,High Groceries/Fuel ratio – Household User
CUST01417,High Groceries/Fuel ratio – Household User
CUST01418,Low txn count / High avg value – Premium User
CUST01419,High txn count / Low avg value – Daily Spender
CUST01420,High txn count / Low avg value – Daily Spender
CUST01421,Low txn count / High avg value – Premium User
CUST01422,High Groceries/Fuel ratio – Household User
CUST01423,High Groceries/Fuel ratio – Household User
CUST01424,Low Activity – Dormant User
CUST01425,High txn count / Low avg value – Daily Spender
CUST01426,High Groceries/Fuel ratio – Household User
CUST01427,Low txn count / High avg value – Premium User
CUST01428,High txn count / Low avg value – Daily Spender
CUST01429,Low txn count / High avg value – Premium User
CUST01430,Low txn count / High avg value – Premium User
CUST01431,Low txn count / High avg value – Premium User
CUST01432,Low txn count / High avg value – Premium User
CUST01433,High txn count / Low avg value – Daily Spender
CUST01434,High Groceries/Fuel ratio – Household User
CUST01435,High Groceries/Fuel ratio – Household User
CUST01436,High txn count / Low avg value – Daily Spender
CUST01437,High txn count / Low avg value – Daily Spender
CUST01438,High Groceries/Fuel ratio – Household User
CUST01439,High txn count / Low avg value – Daily Spender
CUST01440,High txn count / Low avg value – Daily Spender
CUST01441,High Groceries/Fuel ratio – Household User
CUST01442,High txn count / Low avg value – Daily Spender
CUST01443,Low txn count / High avg value – Premium User
CUST01444,Low txn count / High avg value – Premium User
CUST01445,High Groceries/Fuel ratio – Household User
CUST01446,High txn count / Low avg value – Daily Spender
CUST01447,High Travel & Dining – Lifestyle User
CUST01448,High Travel & Dining – Lifestyle User
CUST01449,High txn count / Low avg value – Daily Spender
CUST01450,Low txn count / High avg value – Premium User
CUST01451,High txn count / Low avg value – Daily Spender
CUST01452,Low txn count / High avg value – Premium User
CUST01453,Low txn count / High avg value – Premium User
CUST01454,High Groceries/Fuel ratio – Household User
CUST01455,Low txn count / High avg value – Premium User
CUST01456,High txn count / Low avg value – Daily Spender
CUST01457,High txn count / Low avg value – Daily Spender
CUST01458,High Groceries/Fuel ratio – Household User
CUST01459,High txn count / Low avg value – Daily Spender
CUST01460,High Travel & Dining – Lifestyle User
CUST01461,High txn count / Low avg value – Daily Spender
CUST01462,High Groceries/Fuel ratio – Household User
CUST01463,High txn count / Low avg value – Daily Spender
CUST01464,High txn count / Low avg value – Daily Spender
CUST01465,High Groceries/Fuel ratio – Household User
CUST01466,High txn count / Low avg value – Daily Spender
CUST01467,Low txn count / High avg value – Premium User
CUST01468,Low txn count / High avg value – Premium User
CUST01469,High txn count / Low avg value – Daily Spender
CUST01470,Low txn count / High avg value – Premium User
CUST01471,High txn count / Low avg value – Daily Spender
CUST01472,Low txn count / High avg value – Premium User
CUST01473,Low txn count / High avg value – Premium User
CUST01474,High txn count / Low avg value – Daily Spender
CUST01475,High txn count / Low avg value – Daily Spender
CUST01476,Low txn count / High avg value – Premium User
CUST01477,High txn count / Low avg value – Daily Spender
CUST01478,High txn count / Low avg value – Daily Spender
CUST01479,Low txn count / High avg value – Premium User
CUST01480,High Travel & Dining – Lifestyle User
CUST01481,High Groceries/Fuel ratio – Household User
CUST01482,Low txn count / High avg value – Premium User
CUST01483,High Groceries/Fuel ratio – Household User
CUST01484,High txn count / Low avg value – Daily Spender
CUST01485,High txn count / Low avg value – Daily Spender
CUST01486,High txn count / Low avg value – Daily Spender
CUST01487,High txn count / Low avg value – Daily Spender
CUST01488,High txn count / Low avg value – Daily Spender
CUST01489,Low txn count / High avg value – Premium User
CUST01490,High Groceries/Fuel ratio – Household User
CUST01491,High txn count / Low avg value – Daily Spender
CUST01492,High Groceries/Fuel ratio – Household User
CUST01493,High Groceries/Fuel ratio – Household User
CUST01494,High txn count / Low avg value – Daily Spender
CUST01495,High txn count / Low avg value – Daily Spender
CUST01496,High txn count / Low avg value – Daily Spender
CUST01497,Low txn count / High avg value – Premium User
CUST01498,High txn count / Low avg value – Daily Spender
CUST01499,Low txn count / High avg value – Premium User
CUST01500,Low txn count / High avg value – Premium User
CUST01501,Low txn count / High avg value – Premium User
CUST01502,High Groceries/Fuel ratio – Household User
CUST01503,High txn count / Low avg value – Daily Spender
CUST01504,High txn count / Low avg value – Daily Spender
CUST01505,High txn count / Low avg value – Daily Spender
CUST01506,Low txn count / High avg value – Premium User
CUST01507,Low txn count / High avg value – Premium User
CUST01508,High txn count / Low avg value – Daily Spender
CUST01509,High txn count / Low avg value – Daily Spender
CUST01510,High Travel & Dining – Lifestyle User
CUST01511,High txn count / Low avg value – Daily Spender
CUST01512,High txn count / Low avg value – Daily Spender
CUST01513,High Groceries/Fuel ratio – Household User
CUST01514,High Groceries/Fuel ratio – Household User
CUST01515,High Groceries/Fuel ratio – Household User
CUST01516,High txn count / Low avg value – Daily Spender
CUST01517,Low txn count / High avg value – Premium User
CUST01518,High Groceries/Fuel ratio – Household User
CUST01519,Low Activity – Dormant User
CUST01520,High Groceries/Fuel ratio – Household User
CUST01521,Low Activity – Dormant User
CUST01522,High txn count / Low avg value – Daily Spender
CUST01523,High Groceries/Fuel ratio – Household User
CUST01524,Low txn count / High avg value – Premium User
CUST01525,High txn count / Low avg value – Daily Spender
CUST01526,High txn count / Low avg value – Daily Spender
CUST01527,High txn count / Low avg value – Daily Spender
CUST01528,Low txn count / High avg value – Premium User
CUST01529,Low txn count / High avg value – Premium User
CUST01530,High txn count / Low avg value – Daily Spender
CUST01531,High txn count / Low avg value – Daily Spender
CUST01532,High txn count / Low avg value – Daily Spender
CUST01533,High txn count / Low avg value – Daily Spender
CUST01534,Low txn count / High avg value – Premium User
CUST01535,High Groceries/Fuel ratio – Household User
CUST01536,High Groceries/Fuel ratio – Household User
CUST01537,High txn count / Low avg value – Daily Spender
CUST01538,High Groceries/Fuel ratio – Household User
CUST01539,Low txn count / High avg value – Premium User
CUST01540,High txn count / Low avg value – Daily Spender
CUST01541,High Groceries/Fuel ratio – Household User
CUST01542,High Groceries/Fuel ratio – Household User
CUST01543,High txn count / Low avg value – Daily Spender
CUST01544,Low txn count / High avg value – Premium User
CUST01545,Low txn count / High avg value – Premium User
CUST01546,High txn count / Low avg value – Daily Spender
CUST01547,Low txn count / High avg value – Premium User
CUST01548,High Groceries/Fuel ratio – Household User
CUST01549,High txn count / Low avg value – Daily Spender
CUST01550,Low txn count / High avg value – Premium User
CUST01551,High txn count / Low avg value – Daily Spender
CUST01552,Low txn count / High avg value – Premium User
CUST01553,High txn count / Low avg value – Daily Spender
CUST01554,High Groceries/Fuel ratio – Household User
CUST01555,High Groceries/Fuel ratio – Household User
CUST01556,High txn count / Low avg value – Daily Spender
CUST01557,Low txn count / High avg value – Premium User
CUST01558,Low txn count / High avg value – Premium User
CUST01559,High Travel & Dining – Lifestyle User
CUST01560,High txn count / Low avg value – Daily Spender
CUST01561,High Groceries/Fuel ratio – Household User
CUST01562,High txn count / Low avg value – Daily Spender
CUST01563,High txn count / Low avg value – Daily Spender
CUST01564,High txn count / Low avg value – Daily Spender
CUST01565,High Groceries/Fuel ratio – Household User
CUST01566,High txn count / Low avg value – Daily Spender
CUST01567,High Groceries/Fuel ratio – Household User
CUST01568,High txn count / Low avg value – Daily Spender
CUST01569,Low txn count / High avg value – Premium User
CUST01570,Low txn count / High avg value – Premium User
CUST01571,High Groceries/Fuel ratio – Household User
CUST01572,Low Activity – Dormant User
CUST01573,Low txn count / High avg value – Premium User
CUST01574,High Groceries/Fuel ratio – Household User
CUST01575,High Groceries/Fuel ratio – Household User
CUST01576,High Groceries/Fuel ratio – Household User
CUST01577,High txn count / Low avg value – Daily Spender
CUST01578,High txn count / Low avg value – Daily Spender
CUST01579,Low txn count / High avg value – Premium User
CUST01580,High Groceries/Fuel ratio – Household User
CUST01581,High txn count / Low avg value – Daily Spender
CUST01582,Low txn count / High avg value – Premium User
CUST01583,Low txn count / High avg value – Premium User
CUST01584,High Travel & Dining – Lifestyle User
CUST01585,High Groceries/Fuel ratio – Household User
CUST01586,High txn count / Low avg value – Daily Spender
CUST01587,High Groceries/Fuel ratio – Household User
CUST01588,Low txn count / High avg value – Premium User
CUST01589,High txn count / Low avg value – Daily Spender
CUST01590,High txn count / Low avg value – Daily Spender
CUST01591,High Travel & Dining – Lifestyle User
CUST01592,High Groceries/Fuel ratio – Household User
CUST01593,High Groceries/Fuel ratio – Household User
CUST01594,High txn count / Low avg value – Daily Spender
CUST01595,Low txn count / High avg value – Premium User
CUST01596,Low Activity – Dormant User
CUST01597,High Groceries/Fuel ratio – Household User
CUST01598,High Groceries/Fuel ratio – Household User
CUST01599,High Travel & Dining – Lifestyle User
CUST01600,High Groceries/Fuel ratio – Household User
CUST01601,Low Activity – Dormant User
CUST01602,High Groceries/Fuel ratio – Household User
CUST01603,High txn count / Low avg value – Daily Spender
CUST01604,High Groceries/Fuel ratio – Household User
CUST01605,Low txn count / High avg value – Premium User
CUST01606,High Groceries/Fuel ratio – Household User
CUST01607,High Travel & Dining – Lifestyle User
CUST01608,High Groceries/Fuel ratio – Household User
CUST01609,Low txn count / High avg value – Premium User
CUST01610,High txn count / Low avg value – Daily Spender
CUST01611,High txn count / Low avg value – Daily Spender
CUST01612,Low txn count / High avg value – Premium User
CUST01613,High txn count / Low avg value – Daily Spender
CUST01614,High txn count / Low avg value – Daily Spender
CUST01615,High txn count / Low avg value – Daily Spender
CUST01616,High Travel & Dining – Lifestyle User
CUST01617,High txn count / Low avg value – Daily Spender
CUST01618,Low txn count / High avg value – Premium User
CUST01619,High txn count / Low avg value – Daily Spender
CUST01620,Low txn count / High avg value – Premium User
CUST01621,High Groceries/Fuel ratio – Household User
CUST01622,Low txn count / High avg value – Premium User
CUST01623,High txn count / Low avg value – Daily Spender
CUST01624,High Groceries/Fuel ratio – Household User
CUST01625,High txn count / Low avg value – Daily Spender
CUST01626,High Groceries/Fuel ratio – Household User
CUST01627,Low txn count / High avg value – Premium User
CUST01628,High Groceries/Fuel ratio – Household User
CUST01629,Low txn count / High avg value – Premium User
CUST01630,High txn count / Low avg value – Daily Spender
CUST01631,High txn count / Low avg value – Daily Spender
CUST01632,High txn count / Low avg value – Daily Spender
CUST01633,High txn count / Low avg value – Daily Spender
CUST01634,Low txn count / High avg value – Premium User
CUST01635,High Groceries/Fuel ratio – Household User
CUST01636,High txn count / Low avg value – Daily Spender
CUST01637,High Groceries/Fuel ratio – Household User
CUST01638,High txn count / Low avg value – Daily Spender
CUST01639,High txn count / Low avg value – Daily Spender
CUST01640,High Groceries/Fuel ratio – Household User
CUST01641,High txn count / Low avg value – Daily Spender
CUST01642,Low txn count / High avg value – Premium User
CUST01643,High txn count / Low avg value – Daily Spender
CUST01644,High Groceries/Fuel ratio – Household User
CUST01645,High txn count / Low avg value – Daily Spender
CUST01646,High Groceries/Fuel ratio – Household User
CUST01647,Low txn count / High avg value – Premium User
CUST01648,High txn count / Low avg value – Daily Spender
CUST01649,High txn count / Low avg value – Daily Spender
CUST01650,High Groceries/Fuel ratio – Household User
CUST01651,High txn count / Low avg value – Daily Spender
CUST01652,High txn count / Low avg value – Daily Spender
CUST01653,High txn count / Low avg value – Daily Spender
CUST01654,Low txn count / High avg value – Premium User
CUST01655,Low txn count / High avg value – Premium User
CUST01656,Low txn count / High avg value – Premium User
CUST01657,High txn count / Low avg value – Daily Spender
CUST01658,High txn count / Low avg value – Daily Spender
CUST01659,Low txn count / High avg value – Premium User
CUST01660,High txn count / Low avg value – Daily Spender
CUST01661,Low txn count / High avg value – Premium User
CUST01662,Low Activity – Dormant User
CUST01663,Low txn count / High avg value – Premium User
CUST01664,High Travel & Dining – Lifestyle User
CUST01665,High txn count / Low avg value – Daily Spender
CUST01666,High Groceries/Fuel ratio – Household User
CUST01667,High txn count / Low avg value – Daily Spender
CUST01668,High Groceries/Fuel ratio – Household User
CUST01669,High txn count / Low avg value – Daily Spender
CUST01670,High txn count / Low avg value – Daily Spender
CUST01671,High txn count / Low avg value – Daily Spender
CUST01672,High txn count / Low avg value – Daily Spender
CUST01673,Low Activity – Dormant User
CUST01674,High txn count / Low avg value – Daily Spender
CUST01675,High txn count / Low avg value – Daily Spender
CUST01676,High Groceries/Fuel ratio – Household User
CUST01677,Low txn count / High avg value – Premium User
CUST01678,High Groceries/Fuel ratio – Household User
CUST01679,High txn count / Low avg value – Daily Spender
CUST01680,High txn count / Low avg value – Daily Spender
CUST01681,Low Activity – Dormant User
CUST01682,High txn count / Low avg value – Daily Spender
CUST01683,Low Activity – Dormant User
CUST01684,High Groceries/Fuel ratio – Household User
CUST01685,High Travel & Dining – Lifestyle User
CUST01686,Low txn count / High avg value – Premium User
CUST01687,Low txn count / High avg value – Premium User
CUST01688,High txn count / Low avg value – Daily Spender
CUST01689,High txn count / Low avg value – Daily Spender
CUST01690,High Groceries/Fuel ratio – Household User
CUST01691,Low txn count / High avg value – Premium User
CUST01692,High txn count / Low avg value – Daily Spender
CUST01693,High Groceries/Fuel ratio – Household User
CUST01694,High txn count / Low avg value – Daily Spender
CUST01695,High Groceries/Fuel ratio – Household User
CUST01696,High Groceries/Fuel ratio – Household User
CUST01697,High Groceries/Fuel ratio – Household User
CUST01698,Low Activity – Dormant User
CUST01699,Low txn count / High avg value – Premium User
CUST01700,Low txn count / High avg value – Premium User
CUST01701,Low txn count / High avg value – Premium User
CUST01702,High txn count / Low avg value – Daily Spender
CUST01703,Low txn count / High avg value – Premium User
CUST01704,Low txn count / High avg value – Premium User
CUST01705,High Groceries/Fuel ratio – Household User
CUST01706,High txn count / Low avg value – Daily Spender
CUST01707,High Groceries/Fuel ratio – Household User
CUST01708,High txn count / Low avg value – Daily Spender
CUST01709,High txn count / Low avg value – Daily Spender
CUST01710,High Groceries/Fuel ratio – Household User
CUST01711,High Groceries/Fuel ratio – Household User
CUST01712,High txn count / Low avg value – Daily Spender
CUST01713,Low txn count / High avg value – Premium User
CUST01714,High Groceries/Fuel ratio – Household User
CUST01715,High txn count / Low avg value – Daily Spender
CUST01716,High Groceries/Fuel ratio – Household User
CUST01717,High txn count / Low avg value – Daily Spender
CUST01718,Low txn count / High avg value – Premium User
CUST01719,Low txn count / High avg value – Premium User
CUST01720,High Groceries/Fuel ratio – Household User
CUST01721,High Groceries/Fuel ratio – Household User
CUST01722,High txn count / Low avg value – Daily Spender
CUST01723,High Groceries/Fuel ratio – Household User
CUST01724,High txn count / Low avg value – Daily Spender
CUST01725,High Groceries/Fuel ratio – Household User
CUST01726,Low txn count / High avg value – Premium User
CUST01727,High Travel & Dining – Lifestyle User
CUST01728,Low txn count / High avg value – Premium User
CUST01729,High txn count / Low avg value – Daily Spender
CUST01730,High txn count / Low avg value – Daily Spender
CUST01731,High txn count / Low avg value – Daily Spender
CUST01732,Low txn count / High avg value – Premium User
CUST01733,Low txn count / High avg value – Premium User
CUST01734,High Groceries/Fuel ratio – Household User
CUST01735,High Travel & Dining – Lifestyle User
CUST01736,Low txn count / High avg value – Premium User
CUST01737,High Groceries/Fuel ratio – Household User
CUST01738,High txn count / Low avg value – Daily Spender
CUST01739,Low txn count / High avg value – Premium User
CUST01740,Low txn count / High avg value – Premium User
CUST01741,High txn count / Low avg value – Daily Spender
CUST01742,High txn count / Low avg value – Daily Spender
CUST01743,High Groceries/Fuel ratio – Household User
CUST01744,Low txn count / High avg value – Premium User
CUST01745,Low txn count / High avg value – Premium User
CUST01746,High Groceries/Fuel ratio – Household User
CUST01747,High txn count / Low avg value – Daily Spender
CUST01748,High txn count / Low avg value – Daily Spender
CUST01749,High Groceries/Fuel ratio – Household User
CUST01750,Low txn count / High avg value – Premium User
CUST01751,High Groceries/Fuel ratio – Household User
CUST01752,High Groceries/Fuel ratio – Household User
CUST01753,High Groceries/Fuel ratio – Household User
CUST01754,Low txn count / High avg value – Premium User
CUST01755,High Travel & Dining – Lifestyle User
CUST01756,Low txn count / High avg value – Premium User
CUST01757,Low txn count / High avg value – Premium User
CUST01758,High Groceries/Fuel ratio – Household User
CUST01759,Low txn count / High avg value – Premium User
CUST01760,Low txn count / High avg value – Premium User
CUST01761,Low txn count / High avg value – Premium User
CUST01762,High Groceries/Fuel ratio – Household User
CUST01763,Low txn count / High avg value – Premium User
CUST01764,High Groceries/Fuel ratio – Household User
CUST01765,High txn count / Low avg value – Daily Spender
CUST01766,High txn count / Low avg value – Daily Spender
CUST01767,Low txn count / High avg value – Premium User
CUST01768,High Travel & Dining – Lifestyle User
CUST01769,High txn count / Low avg value – Daily Spender
CUST01770,Low txn count / High avg value – Premium User
CUST01771,High txn count / Low avg value – Daily Spender
CUST01772,Low txn count / High avg value – Premium User
CUST01773,Low txn count / High avg value – Premium User
CUST01774,High txn count / Low avg value – Daily Spender
CUST01775,High txn count / Low avg value – Daily Spender
CUST01776,High txn count / Low avg value – Daily Spender
CUST01777,Low txn count / High avg value – Premium User
CUST01778,High txn count / Low avg value – Daily Spender
CUST01779,Low txn count / High avg value – Premium User
CUST01780,High Groceries/Fuel ratio – Household User
CUST01781,Low Activity – Dormant User
CUST01782,Low txn count / High avg value – Premium User
CUST01783,High txn count / Low avg value – Daily Spender
CUST01784,High txn count / Low avg value – Daily Spender
CUST01785,High txn count / Low avg value – Daily Spender
CUST01786,High txn count / Low avg value – Daily Spender
CUST01787,High txn count / Low avg value – Daily Spender
CUST01788,High Groceries/Fuel ratio – Household User
CUST01789,Low txn count / High avg value – Premium User
CUST01790,High Groceries/Fuel ratio – Household User
CUST01791,High txn count / Low avg value – Daily Spender
CUST01792,Low txn count / High avg value – Premium User
CUST01793,High txn count / Low avg value – Daily Spender
CUST01794,High Groceries/Fuel ratio – Household User
CUST01795,High Groceries/Fuel ratio – Household User
CUST01796,High txn count / Low avg value – Daily Spender
CUST01797,High Groceries/Fuel ratio – Household User
CUST01798,Low txn count / High avg value – Premium User
CUST01799,High Groceries/Fuel ratio – Household User
CUST01800,High txn count / Low avg value – Daily Spender
CUST01801,High txn count / Low avg value – Daily Spender
CUST01802,High txn count / Low avg value – Daily Spender
CUST01803,High txn count / Low avg value – Daily Spender
CUST01804,High Travel & Dining – Lifestyle User
CUST01805,High txn count / Low avg value – Daily Spender
CUST01806,High txn count / Low avg value – Daily Spender
CUST01807,High Groceries/Fuel ratio – Household User
CUST01808,High Groceries/Fuel ratio – Household User
CUST01809,High Groceries/Fuel ratio – Household User
CUST01810,High txn count / Low avg value – Daily Spender
CUST01811,High txn count / Low avg value – Daily Spender
CUST01812,High txn count / Low avg value – Daily Spender
CUST01813,High Groceries/Fuel ratio – Household User
CUST01814,High Groceries/Fuel ratio – Household User
CUST01815,Low txn count / High avg value – Premium User
CUST01816,High txn count / Low avg value – Daily Spender
CUST01817,High txn count / Low avg value – Daily Spender
CUST01818,High txn count / Low avg value – Daily Spender
CUST01819,High txn count / Low avg value – Daily Spender
CUST01820,High Groceries/Fuel ratio – Household User
CUST01821,High Groceries/Fuel ratio – Household User
CUST01822,High txn count / Low avg value – Daily Spender
CUST01823,High txn count / Low avg value – Daily Spender
CUST01824,High txn count / Low avg value – Daily Spender
CUST01825,High Groceries/Fuel ratio – Household User
CUST01826,High Groceries/Fuel ratio – Household User
CUST01827,High Travel & Dining – Lifestyle User
CUST01828,High txn count / Low avg value – Daily Spender
CUST01829,High txn count / Low avg value – Daily Spender
CUST01830,Low txn count / High avg value – Premium User
CUST01831,High txn count / Low avg value – Daily Spender
CUST01832,Low txn count / High avg value – Premium User
CUST01833,High txn count / Low avg value – Daily Spender
CUST01834,High txn count / Low avg value – Daily Spender
CUST01835,High txn count / Low avg value – Daily Spender
CUST01836,High Groceries/Fuel ratio – Household User
CUST01837,High txn count / Low avg value – Daily Spender
CUST01838,Low txn count / High avg value – Premium User
CUST01839,High Groceries/Fuel ratio – Household User
CUST01840,High txn count / Low avg value – Daily Spender
CUST01841,Low txn count / High avg value – Premium User
CUST01842,Low txn count / High avg value – Premium User
CUST01843,High txn count / Low avg value – Daily Spender
CUST01844,Low txn count / High avg value – Premium User
CUST01845,High Groceries/Fuel ratio – Household User
CUST01846,High Groceries/Fuel ratio – Household User
CUST01847,High Groceries/Fuel ratio – Household User
CUST01848,Low txn count / High avg value – Premium User
CUST01849,High txn count / Low avg value – Daily Spender
CUST01850,High txn count / Low avg value – Daily Spender
CUST01851,High Travel & Dining – Lifestyle User
CUST01852,High Travel & Dining – Lifestyle User
CUST01853,High Travel & Dining – Lifestyle User
CUST01854,High txn count / Low avg value – Daily Spender
CUST01855,High txn count / Low avg value – Daily Spender
CUST01856,High txn count / Low avg value – Daily Spender
CUST01857,Low txn count / High avg value – Premium User
CUST01858,Low txn count / High avg value – Premium User
CUST01859,High txn count / Low avg value – Daily Spender
CUST01860,High txn count / Low avg value – Daily Spender
CUST01861,High txn count / Low avg value – Daily Spender
CUST01862,High Groceries/Fuel ratio – Household User
CUST01863,Low txn count / High avg value – Premium User
CUST01864,Low Activity – Dormant User
CUST01865,High txn count / Low avg value – Daily Spender
CUST01866,High Groceries/Fuel ratio – Household User
CUST01867,High Groceries/Fuel ratio – Household User
CUST01868,High Groceries/Fuel ratio – Household User
CUST01869,High txn count / Low avg value – Daily Spender
CUST01870,Low txn count / High avg value – Premium User
CUST01871,High Groceries/Fuel ratio – Household User
CUST01872,Low txn count / High avg value – Premium User
CUST01873,Low txn count / High avg value – Premium User
CUST01874,High txn count / Low avg value – Daily Spender
CUST01875,Low txn count / High avg value – Premium User
CUST01876,Low txn count / High avg value – Premium User
CUST01877,Low txn count / High avg value – Premium User
CUST01878,High txn count / Low avg value – Daily Spender
CUST01879,Low txn count / High avg value – Premium User
CUST01880,High txn count / Low avg value – Daily Spender
CUST01881,High Travel & Dining – Lifestyle User
CUST01882,High txn count / Low avg value – Daily Spender
CUST01883,High txn count / Low avg value – Daily Spender
CUST01884,High Groceries/Fuel ratio – Household User
CUST01885,Low txn count / High avg value – Premium User
CUST01886,High Groceries/Fuel ratio – Household User
CUST01887,High Groceries/Fuel ratio – Household User
CUST01888,High txn count / Low avg value – Daily Spender
CUST01889,Low txn count / High avg value – Premium User
CUST01890,High Groceries/Fuel ratio – Household User
CUST01891,Low txn count / High avg value – Premium User
CUST01892,Low txn count / High avg value – Premium User
CUST01893,High Groceries/Fuel ratio – Household User
CUST01894,Low txn count / High avg value – Premium User
CUST01895,High txn count / Low avg value – Daily Spender
CUST01896,High txn count / Low avg value – Daily Spender
CUST01897,High Groceries/Fuel ratio – Household User
CUST01898,High txn count / Low avg value – Daily Spender
CUST01899,High txn count / Low avg value – Daily Spender
CUST01900,Low txn count / High avg value – Premium User
CUST01901,High Groceries/Fuel ratio – Household User
CUST01902,High txn count / Low avg value – Daily Spender
CUST01903,High Groceries/Fuel ratio – Household User
CUST01904,High txn count / Low avg value – Daily Spender
CUST01905,High Groceries/Fuel ratio – Household User
CUST01906,High txn count / Low avg value – Daily Spender
CUST01907,High txn count / Low avg value – Daily Spender
CUST01908,High txn count / Low avg value – Daily Spender
CUST01909,High Groceries/Fuel ratio – Household User
CUST01910,High txn count / Low avg value – Daily Spender
CUST01911,Low txn count / High avg value – Premium User
CUST01912,Low Activity – Dormant User
CUST01913,High txn count / Low avg value – Daily Spender
CUST01914,Low txn count / High avg value – Premium User
CUST01915,High txn count / Low avg value – Daily Spender
CUST01916,High Travel & Dining – Lifestyle User
CUST01917,Low txn count / High avg value – Premium User
CUST01918,High txn count / Low avg value – Daily Spender
CUST01919,Low txn count / High avg value – Premium User
CUST01920,High txn count / Low avg value – Daily Spender
CUST01921,High Groceries/Fuel ratio – Household User
CUST01922,High txn count / Low avg value – Daily Spender
CUST01923,High txn count / Low avg value – Daily Spender
CUST01924,High txn count / Low avg value – Daily Spender
CUST01925,High Groceries/Fuel ratio – Household User
CUST01926,Low txn count / High avg value – Premium User
CUST01927,Low txn count / High avg value – Premium User
CUST01928,High txn count / Low avg value – Daily Spender
CUST01929,High Groceries/Fuel ratio – Household User
CUST01930,Low txn count / High avg value – Premium User
CUST01931,Low txn count / High avg value – Premium User
CUST01932,Low txn count / High avg value – Premium User
CUST01933,High txn count / Low avg value – Daily Spender
CUST01934,High txn count / Low avg value – Daily Spender
CUST01935,Low txn count / High avg value – Premium User
CUST01936,High txn count / Low avg value – Daily Spender
CUST01937,High Travel & Dining – Lifestyle User
CUST01938,Low txn count / High avg value – Premium User
CUST01939,High Groceries/Fuel ratio – Household User
CUST01940,High Groceries/Fuel ratio – Household User
CUST01941,High txn count / Low avg value – Daily Spender
CUST01942,High txn count / Low avg value – Daily Spender
CUST01943,High txn count / Low avg value – Daily Spender
CUST01944,High txn count / Low avg value – Daily Spender
CUST01945,Low txn count / High avg value – Premium User
CUST01946,Low txn count / High avg value – Premium User
CUST01947,High Groceries/Fuel ratio – Household User
CUST01948,High txn count / Low avg value – Daily Spender
CUST01949,Low txn count / High avg value – Premium User
CUST01950,High Groceries/Fuel ratio – Household User
CUST01951,High Groceries/Fuel ratio – Household User
CUST01952,Low txn count / High avg value – Premium User
CUST01953,High txn count / Low avg value – Daily Spender
CUST01954,High txn count / Low avg value – Daily Spender
CUST01955,High txn count / Low avg value – Daily Spender
CUST01956,High txn count / Low avg value – Daily Spender
CUST01957,Low txn count / High avg value – Premium User
CUST01958,High txn count / Low avg value – Daily Spender
CUST01959,High txn count / Low avg value – Daily Spender
CUST01960,High Groceries/Fuel ratio – Household User
CUST01961,Low txn count / High avg value – Premium User
CUST01962,Low txn count / High avg value – Premium User
CUST01963,High txn count / Low avg value – Daily Spender
CUST01964,Low txn count / High avg value – Premium User
CUST01965,Low txn count / High avg value – Premium User
CUST01966,High Groceries/Fuel ratio – Household User
CUST01967,High txn count / Low avg value – Daily Spender
CUST01968,High txn count / Low avg value – Daily Spender
CUST01969,High Groceries/Fuel ratio – Household User
CUST01970,High Groceries/Fuel ratio – Household User
CUST01971,High txn count / Low avg value – Daily Spender
CUST01972,High txn count / Low avg value – Daily Spender
CUST01973,Low txn count / High avg value – Premium User
CUST01974,Low Activity – Dormant User
CUST01975,Low txn count / High avg value – Premium User
CUST01976,High txn count / Low avg value – Daily Spender
CUST01977,High Groceries/Fuel ratio – Household User
CUST01978,Low txn count / High avg value – Premium User
CUST01979,High Travel & Dining – Lifestyle User
CUST01980,High Groceries/Fuel ratio – Household User
CUST01981,Low txn count / High avg value – Premium User
CUST01982,Low txn count / High avg value – Premium User
CUST01983,Low txn count / High avg value – Premium User
CUST01984,High Groceries/Fuel ratio – Household User
CUST01985,High Groceries/Fuel ratio – Household User
CUST01986,High txn count / Low avg value – Daily Spender
CUST01987,Low txn count / High avg value – Premium User
CUST01988,Low txn count / High avg value – Premium User
CUST01989,High txn count / Low avg value – Daily Spender
CUST01990,High txn count / Low avg value – Daily Spender
CUST01991,High Groceries/Fuel ratio – Household User
CUST01992,High txn count / Low avg value – Daily Spender
CUST01993,High Groceries/Fuel ratio – Household User
CUST01994,High txn count / Low avg value – Daily Spender
CUST01995,High txn count / Low avg value – Daily Spender
CUST01996,Low txn count / High avg value – Premium User
CUST01997,High Groceries/Fuel ratio – Household User
CUST01998,High Groceries/Fuel ratio – Household User
CUST01999,High txn count / Low avg value – Daily Spender
CUST02000,High txn count / Low avg value – Daily Spender
CUST02001,High Groceries/Fuel ratio – Household User
CUST02002,Low txn count / High avg value – Premium User
CUST02003,High Groceries/Fuel ratio – Household User
CUST02004,High txn count / Low avg value – Daily Spender
CUST02005,High txn count / Low avg value – Daily Spender
CUST02006,Low txn count / High avg value – Premium User
CUST02007,High txn count / Low avg value – Daily Spender
CUST02008,High Groceries/Fuel ratio – Household User
CUST02009,Low txn count / High avg value – Premium User
CUST02010,High Groceries/Fuel ratio – Household User
CUST02011,High Groceries/Fuel ratio – Household User
CUST02012,Low txn count / High avg value – Premium User
CUST02013,High Groceries/Fuel ratio – Household User
CUST02014,Low txn count / High avg value – Premium User
CUST02015,Low txn count / High avg value – Premium User
CUST02016,High txn count / Low avg value – Daily Spender
CUST02017,Low txn count / High avg value – Premium User
CUST02018,Low txn count / High avg value – Premium User
CUST02019,High txn count / Low avg value – Daily Spender
CUST02020,Low txn count / High avg value – Premium User
CUST02021,Low txn count / High avg value – Premium User
CUST02022,High txn count / Low avg value – Daily Spender
CUST02023,High Groceries/Fuel ratio – Household User
CUST02024,Low txn count / High avg value – Premium User
CUST02025,High Travel & Dining – Lifestyle User
CUST02026,Low Activity – Dormant User
CUST02027,High Travel & Dining – Lifestyle User
CUST02028,High txn count / Low avg value – Daily Spender
CUST02029,High txn count / Low avg value – Daily Spender
CUST02030,High Groceries/Fuel ratio – Household User
CUST02031,Low txn count / High avg value – Premium User
CUST02032,Low txn count / High avg value – Premium User
CUST02033,Low txn count / High avg value – Premium User
CUST02034,High txn count / Low avg value – Daily Spender
CUST02035,High txn count / Low avg value – Daily Spender
CUST02036,High Groceries/Fuel ratio – Household User
CUST02037,High Groceries/Fuel ratio – Household User
CUST02038,High Groceries/Fuel ratio – Household User
CUST02039,High txn count / Low avg value – Daily Spender
CUST02040,Low txn count / High avg value – Premium User
CUST02041,Low txn count / High avg value – Premium User
CUST02042,High Groceries/Fuel ratio – Household User
CUST02043,High Groceries/Fuel ratio – Household User
CUST02044,High txn count / Low avg value – Daily Spender
CUST02045,High txn count / Low avg value – Daily Spender
CUST02046,High Groceries/Fuel ratio – Household User
CUST02047,High txn count / Low avg value – Daily Spender
CUST02048,Low txn count / High avg value – Premium User
CUST02049,High Groceries/Fuel ratio – Household User
CUST02050,Low txn count / High avg value – Premium User
CUST02051,Low txn count / High avg value – Premium User
CUST02052,High Groceries/Fuel ratio – Household User
CUST02053,Low txn count / High avg value – Premium User
CUST02054,Low txn count / High avg value – Premium User
CUST02055,High txn count / Low avg value – Daily Spender
CUST02056,High Groceries/Fuel ratio – Household User
CUST02057,High Groceries/Fuel ratio – Household User
CUST02058,High txn count / Low avg value – Daily Spender
CUST02059,Low txn count / High avg value – Premium User
CUST02060,High Groceries/Fuel ratio – Household User
CUST02061,Low txn count / High avg value – Premium User
CUST02062,Low txn count / High avg value – Premium User
CUST02063,Low txn count / High avg value – Premium User
CUST02064,High Groceries/Fuel ratio – Household User
CUST02065,High txn count / Low avg value – Daily Spender
CUST02066,High Groceries/Fuel ratio – Household User
CUST02067,High txn count / Low avg value – Daily Spender
CUST02068,High Groceries/Fuel ratio – Household User
CUST02069,High txn count / Low avg value – Daily Spender
CUST02070,High txn count / Low avg value – Daily Spender
CUST02071,Low txn count / High avg value – Premium User
CUST02072,High Groceries/Fuel ratio – Household User
CUST02073,High txn count / Low avg value – Daily Spender
CUST02074,High txn count / Low avg value – Daily Spender
CUST02075,Low Activity – Dormant User
CUST02076,High Groceries/Fuel ratio – Household User
CUST02077,Low txn count / High avg value – Premium User
CUST02078,Low txn count / High avg value – Premium User
CUST02079,High txn count / Low avg value – Daily Spender
CUST02080,High Groceries/Fuel ratio – Household User
CUST02081,High Groceries/Fuel ratio – Household User
CUST02082,Low txn count / High avg value – Premium User
CUST02083,Low txn count / High avg value – Premium User
CUST02084,Low txn count / High avg value – Premium User
CUST02085,Low txn count / High avg value – Premium User
CUST02086,High Groceries/Fuel ratio – Household User
CUST02087,High txn count / Low avg value – Daily Spender
CUST02088,High txn count / Low avg value – Daily Spender
CUST02089,High txn count / Low avg value – Daily Spender
CUST02090,High txn count / Low avg value – Daily Spender
CUST02091,Low Activity – Dormant User
CUST02092,High Groceries/Fuel ratio – Household User
CUST02093,Low txn count / High avg value – Premium User
CUST02094,High txn count / Low avg value – Daily Spender
CUST02095,High txn count / Low avg value – Daily Spender
CUST02096,Low txn count / High avg value – Premium User
CUST02097,High txn count / Low avg value – Daily Spender
CUST02098,High txn count / Low avg value – Daily Spender
CUST02099,High txn count / Low avg value – Daily Spender
CUST02100,Low txn count / High avg value – Premium User
CUST02101,Low txn count / High avg value – Premium User
CUST02102,High Groceries/Fuel ratio – Household User
CUST02103,High txn count / Low avg value – Daily Spender
CUST02104,High txn count / Low avg value – Daily Spender
CUST02105,High txn count / Low avg value – Daily Spender
CUST02106,Low Activity – Dormant User
CUST02107,High Travel & Dining – Lifestyle User
CUST02108,High Travel & Dining – Lifestyle User
CUST02109,High Travel & Dining – Lifestyle User
CUST02110,Low txn count / High avg value – Premium User
CUST02111,High Groceries/Fuel ratio – Household User
CUST02112,High Groceries/Fuel ratio – Household User
CUST02113,High Travel & Dining – Lifestyle User
CUST02114,High txn count / Low avg value – Daily Spender
CUST02115,High Groceries/Fuel ratio – Household User
CUST02116,Low txn count / High avg value – Premium User
CUST02117,High txn count / Low avg value – Daily Spender
CUST02118,High Groceries/Fuel ratio – Household User
CUST02119,Low Activity – Dormant User
CUST02120,High txn count / Low avg value – Daily Spender
CUST02121,Low txn count / High avg value – Premium User
CUST02122,High Travel & Dining – Lifestyle User
CUST02123,Low txn count / High avg value – Premium User
CUST02124,Low txn count / High avg value – Premium User
CUST02125,High txn count / Low avg value – Daily Spender
CUST02126,High txn count / Low avg value – Daily Spender
CUST02127,High Groceries/Fuel ratio – Household User
CUST02128,High Travel & Dining – Lifestyle User
CUST02129,Low txn count / High avg value – Premium User
CUST02130,High Groceries/Fuel ratio – Household User
CUST02131,High Groceries/Fuel ratio – Household User
CUST02132,Low txn count / High avg value – Premium User
CUST02133,Low txn count / High avg value – Premium User
CUST02134,High txn count / Low avg value – Daily Spender
CUST02135,Low txn count / High avg value – Premium User
CUST02136,High Groceries/Fuel ratio – Household User
CUST02137,High txn count / Low avg value – Daily Spender
CUST02138,High Groceries/Fuel ratio – Household User
CUST02139,High Travel & Dining – Lifestyle User
CUST02140,Low Activity – Dormant User
CUST02141,Low txn count / High avg value – Premium User
CUST02142,High txn count / Low avg value – Daily Spender
CUST02143,High txn count / Low avg value – Daily Spender
CUST02144,Low txn count / High avg value – Premium User
CUST02145,Low Activity – Dormant User
CUST02146,Low txn count / High avg value – Premium User
CUST02147,High txn count / Low avg value – Daily Spender
CUST02148,Low txn count / High avg value – Premium User
CUST02149,High Travel & Dining – Lifestyle User
CUST02150,High txn count / Low avg value – Daily Spender
CUST02151,High Groceries/Fuel ratio – Household User
CUST02152,High txn count / Low avg value – Daily Spender
CUST02153,Low txn count / High avg value – Premium User
CUST02154,High Groceries/Fuel ratio – Household User
CUST02155,High Groceries/Fuel ratio – Household User
CUST02156,High Groceries/Fuel ratio – Household User
CUST02157,High txn count / Low avg value – Daily Spender
CUST02158,Low txn count / High avg value – Premium User
CUST02159,High txn count / Low avg value – Daily Spender
CUST02160,High txn count / Low avg value – Daily Spender
CUST02161,High txn count / Low avg value – Daily Spender
CUST02162,High txn count / Low avg value – Daily Spender
CUST02163,Low txn count / High avg value – Premium User
CUST02164,Low txn count / High avg value – Premium User
CUST02165,Low Activity – Dormant User
CUST02166,High txn count / Low avg value – Daily Spender
CUST02167,High Groceries/Fuel ratio – Household User
CUST02168,High txn count / Low avg value – Daily Spender
CUST02169,High txn count / Low avg value – Daily Spender
CUST02170,High txn count / Low avg value – Daily Spender
CUST02171,High Groceries/Fuel ratio – Household User
CUST02172,High Groceries/Fuel ratio – Household User
CUST02173,Low txn count / High avg value – Premium User
CUST02174,High Groceries/Fuel ratio – Household User
CUST02175,Low Activity – Dormant User
CUST02176,High txn count / Low avg value – Daily Spender
CUST02177,High txn count / Low avg value – Daily Spender
CUST02178,High txn count / Low avg value – Daily Spender
CUST02179,Low txn count / High avg value – Premium User
CUST02180,High txn count / Low avg value – Daily Spender
CUST02181,High Groceries/Fuel ratio – Household User
CUST02182,High Groceries/Fuel ratio – Household User
CUST02183,High txn count / Low avg value – Daily Spender
CUST02184,High txn count / Low avg value – Daily Spender
CUST02185,High Travel & Dining – Lifestyle User
CUST02186,Low Activity – Dormant User
CUST02187,High txn count / Low avg value – Daily Spender
CUST02188,High txn count / Low avg value – Daily Spender
CUST02189,High txn count / Low avg value – Daily Spender
CUST02190,High txn count / Low avg value – Daily Spender
CUST02191,High txn count / Low avg value – Daily Spender
CUST02192,High txn count / Low avg value – Daily Spender
CUST02193,Low txn count / High avg value – Premium User
CUST02194,High Groceries/Fuel ratio – Household User
CUST02195,Low txn count / High avg value – Premium User
CUST02196,Low txn count / High avg value – Premium User
CUST02197,Low txn count / High avg value – Premium User
CUST02198,Low txn count / High avg value – Premium User
CUST02199,High txn count / Low avg value – Daily Spender
CUST02200,High Travel & Dining – Lifestyle User
CUST02201,High Groceries/Fuel ratio – Household User
CUST02202,High Groceries/Fuel ratio – Household User
CUST02203,High Groceries/Fuel ratio – Household User
CUST02204,High txn count / Low avg value – Daily Spender
CUST02205,High txn count / Low avg value – Daily Spender
CUST02206,High txn count / Low avg value – Daily Spender
CUST02207,High txn count / Low avg value – Daily Spender
CUST02208,High txn count / Low avg value – Daily Spender
CUST02209,High txn count / Low avg value – Daily Spender
CUST02210,High txn count / Low avg value – Daily Spender
CUST02211,Low txn count / High avg value – Premium User
CUST02212,High Groceries/Fuel ratio – Household User
CUST02213,Low txn count / High avg value – Premium User
CUST02214,High txn count / Low avg value – Daily Spender
CUST02215,High txn count / Low avg value – Daily Spender
CUST02216,High txn count / Low avg value – Daily Spender
CUST02217,High txn count / Low avg value – Daily Spender
CUST02218,High Travel & Dining – Lifestyle User
CUST02219,High Groceries/Fuel ratio – Household User
CUST02220,High txn count / Low avg value – Daily Spender
CUST02221,High Groceries/Fuel ratio – Household User
CUST02222,High Groceries/Fuel ratio – Household User
CUST02223,High Groceries/Fuel ratio – Household User
CUST02224,High Groceries/Fuel ratio – Household User
CUST02225,Low txn count / High avg value – Premium User
CUST02226,High txn count / Low avg value – Daily Spender
CUST02227,Low txn count / High avg value – Premium User
CUST02228,High txn count / Low avg value – Daily Spender
CUST02229,High txn count / Low avg value – Daily Spender
CUST02230,High txn count / Low avg value – Daily Spender
CUST02231,High Groceries/Fuel ratio – Household User
CUST02232,Low Activity – Dormant User
CUST02233,High Travel & Dining – Lifestyle User
CUST02234,High txn count / Low avg value – Daily Spender
CUST02235,Low txn count / High avg value – Premium User
CUST02236,Low Activity – Dormant User
CUST02237,High Groceries/Fuel ratio – Household User
CUST02238,High Groceries/Fuel ratio – Household User
CUST02239,High Groceries/Fuel ratio – Household User
CUST02240,High txn count / Low avg value – Daily Spender
CUST02241,High Groceries/Fuel ratio – Household User
CUST02242,Low txn count / High avg value – Premium User
CUST02243,High Travel & Dining – Lifestyle User
CUST02244,Low Activity – Dormant User
CUST02245,Low txn count / High avg value – Premium User
CUST02246,High Groceries/Fuel ratio – Household User
CUST02247,Low txn count / High avg value – Premium User
CUST02248,Low txn count / High avg value – Premium User
CUST02249,High Groceries/Fuel ratio – Household User
CUST02250,High Groceries/Fuel ratio – Household User
CUST02251,Low txn count / High avg value – Premium User
CUST02252,High txn count / Low avg value – Daily Spender
CUST02253,Low Activity – Dormant User
CUST02254,High txn count / Low avg value – Daily Spender
CUST02255,Low txn count / High avg value – Premium User
CUST02256,Low txn count / High avg value – Premium User
CUST02257,Low txn count / High avg value – Premium User
CUST02258,High txn count / Low avg value – Daily Spender
CUST02259,Low txn count / High avg value – Premium User
CUST02260,High txn count / Low avg value – Daily Spender
CUST02261,High txn count / Low avg value – Daily Spender
CUST02262,High Travel & Dining – Lifestyle User
CUST02263,Low txn count / High avg value – Premium User
CUST02264,High txn count / Low avg value – Daily Spender
CUST02265,High txn count / Low avg value – Daily Spender
CUST02266,Low txn count / High avg value – Premium User
CUST02267,High txn count / Low avg value – Daily Spender
CUST02268,High Groceries/Fuel ratio – Household User
CUST02269,Low txn count / High avg value – Premium User
CUST02270,High Groceries/Fuel ratio – Household User
CUST02271,High txn count / Low avg value – Daily Spender
CUST02272,High Groceries/Fuel ratio – Household User
CUST02273,High txn count / Low avg value – Daily Spender
CUST02274,Low txn count / High avg value – Premium User
CUST02275,High txn count / Low avg value – Daily Spender
CUST02276,High txn count / Low avg value – Daily Spender
CUST02277,Low txn count / High avg value – Premium User
CUST02278,High txn count / Low avg value – Daily Spender
CUST02279,High Groceries/Fuel ratio – Household User
CUST02280,High Travel & Dining – Lifestyle User
CUST02281,High txn count / Low avg value – Daily Spender
CUST02282,High Groceries/Fuel ratio – Household User
CUST02283,High Groceries/Fuel ratio – Household User
CUST02284,High Groceries/Fuel ratio – Household User
CUST02285,High txn count / Low avg value – Daily Spender
CUST02286,High Travel & Dining – Lifestyle User
CUST02287,High txn count / Low avg value – Daily Spender
CUST02288,Low txn count / High avg value – Premium User
CUST02289,High Groceries/Fuel ratio – Household User
CUST02290,High txn count / Low avg value – Daily Spender
CUST02291,High txn count / Low avg value – Daily Spender
CUST02292,High Groceries/Fuel ratio – Household User
CUST02293,Low txn count / High avg value – Premium User
CUST02294,High Groceries/Fuel ratio – Household User
CUST02295,High Groceries/Fuel ratio – Household User
CUST02296,High Groceries/Fuel ratio – Household User
CUST02297,High Groceries/Fuel ratio – Household User
CUST02298,High Groceries/Fuel ratio – Household User
CUST02299,High txn count / Low avg value – Daily Spender
CUST02300,High txn count / Low avg value – Daily Spender
CUST02301,Low txn count / High avg value – Premium User
CUST02302,Low txn count / High avg value – Premium User
CUST02303,High txn count / Low avg value – Daily Spender
CUST02304,High Travel & Dining – Lifestyle User
CUST02305,High txn count / Low avg value – Daily Spender
CUST02306,High Groceries/Fuel ratio – Household User
CUST02307,High txn count / Low avg value – Daily Spender
CUST02308,High Groceries/Fuel ratio – Household User
CUST02309,High txn count / Low avg value – Daily Spender
CUST02310,Low txn count / High avg value – Premium User
CUST02311,Low Activity – Dormant User
CUST02312,Low txn count / High avg value – Premium User
CUST02313,High txn count / Low avg value – Daily Spender
CUST02314,Low txn count / High avg value – Premium User
CUST02315,High Groceries/Fuel ratio – Household User
CUST02316,High txn count / Low avg value – Daily Spender
CUST02317,High txn count / Low avg value – Daily Spender
CUST02318,Low txn count / High avg value – Premium User
CUST02319,Low txn count / High avg value – Premium User
CUST02320,Low txn count / High avg value – Premium User
CUST02321,High txn count / Low avg value – Daily Spender
CUST02322,High txn count / Low avg value – Daily Spender
CUST02323,Low Activity – Dormant User
CUST02324,Low txn count / High avg value – Premium User
CUST02325,High txn count / Low avg value – Daily Spender
CUST02326,High Travel & Dining – Lifestyle User
CUST02327,High Groceries/Fuel ratio – Household User
CUST02328,High txn count / Low avg value – Daily Spender
CUST02329,High Groceries/Fuel ratio – Household User
CUST02330,High txn count / Low avg value – Daily Spender
CUST02331,High Groceries/Fuel ratio – Household User
CUST02332,High txn count / Low avg value – Daily Spender
CUST02333,High txn count / Low avg value – Daily Spender
CUST02334,High Groceries/Fuel ratio – Household User
CUST02335,High txn count / Low avg value – Daily Spender
CUST02336,Low txn count / High avg value – Premium User
CUST02337,High txn count / Low avg value – Daily Spender
CUST02338,High Groceries/Fuel ratio – Household User
CUST02339,Low txn count / High avg value – Premium User
CUST02340,High txn count / Low avg value – Daily Spender
CUST02341,High Groceries/Fuel ratio – Household User
CUST02342,High Groceries/Fuel ratio – Household User
CUST02343,High txn count / Low avg value – Daily Spender
CUST02344,High txn count / Low avg value – Daily Spender
CUST02345,High txn count / Low avg value – Daily Spender
CUST02346,High txn count / Low avg value – Daily Spender
CUST02347,High Travel & Dining – Lifestyle User
CUST02348,Low txn count / High avg value – Premium User
CUST02349,High Groceries/Fuel ratio – Household User
CUST02350,High txn count / Low avg value – Daily Spender
CUST02351,High txn count / Low avg value – Daily Spender
CUST02352,High txn count / Low avg value – Daily Spender
CUST02353,Low txn count / High avg value – Premium User
CUST02354,High txn count / Low avg value – Daily Spender
CUST02355,High Groceries/Fuel ratio – Household User
CUST02356,High txn count / Low avg value – Daily Spender
CUST02357,High Groceries/Fuel ratio – Household User
CUST02358,Low txn count / High avg value – Premium User
CUST02359,High Groceries/Fuel ratio – Household User
CUST02360,High Groceries/Fuel ratio – Household User
CUST02361,Low txn count / High avg value – Premium User
CUST02362,High txn count / Low avg value – Daily Spender
CUST02363,Low txn count / High avg value – Premium User
CUST02364,Low txn count / High avg value – Premium User
CUST02365,High Groceries/Fuel ratio – Household User
CUST02366,High Groceries/Fuel ratio – Household User
CUST02367,Low txn count / High avg value – Premium User
CUST02368,High txn count / Low avg value – Daily Spender
CUST02369,High txn count / Low avg value – Daily Spender
CUST02370,High txn count / Low avg value – Daily Spender
CUST02371,High Travel & Dining – Lifestyle User
CUST02372,High txn count / Low avg value – Daily Spender
CUST02373,High Groceries/Fuel ratio – Household User
CUST02374,High txn count / Low avg value – Daily Spender
CUST02375,High txn count / Low avg value – Daily Spender
CUST02376,High txn count / Low avg value – Daily Spender
CUST02377,High txn count / Low avg value – Daily Spender
CUST02378,High Groceries/Fuel ratio – Household User
CUST02379,High txn count / Low avg value – Daily Spender
CUST02380,Low txn count / High avg value – Premium User
CUST02381,High txn count / Low avg value – Daily Spender
CUST02382,Low txn count / High avg value – Premium User
CUST02383,Low txn count / High avg value – Premium User
CUST02384,High txn count / Low avg value – Daily Spender
CUST02385,Low txn count / High avg value – Premium User
CUST02386,High txn count / Low avg value – Daily Spender
CUST02387,High txn count / Low avg value – Daily Spender
CUST02388,High txn count / Low avg value – Daily Spender
CUST02389,High txn count / Low avg value – Daily Spender
CUST02390,High txn count / Low avg value – Daily Spender
CUST02391,High Groceries/Fuel ratio – Household User
CUST02392,High Groceries/Fuel ratio – Household User
CUST02393,High Groceries/Fuel ratio – Household User
CUST02394,Low txn count / High avg value – Premium User
CUST02395,High Travel & Dining – Lifestyle User
CUST02396,High Groceries/Fuel ratio – Household User
CUST02397,High Groceries/Fuel ratio – Household User
CUST02398,High txn count / Low avg value – Daily Spender
CUST02399,High txn count / Low avg value – Daily Spender
CUST02400,High txn count / Low avg value – Daily Spender
CUST02401,High Groceries/Fuel ratio – Household User
CUST02402,Low txn count / High avg value – Premium User
CUST02403,High txn count / Low avg value – Daily Spender
CUST02404,High txn count / Low avg value – Daily Spender
CUST02405,High txn count / Low avg value – Daily Spender
CUST02406,High txn count / Low avg value – Daily Spender
CUST02407,High Groceries/Fuel ratio – Household User
CUST02408,Low txn count / High avg value – Premium User
CUST02409,High Travel & Dining – Lifestyle User
CUST02410,High txn count / Low avg value – Daily Spender
CUST02411,High Groceries/Fuel ratio – Household User
CUST02412,Low txn count / High avg value – Premium User
CUST02413,High Groceries/Fuel ratio – Household User
CUST02414,Low txn count / High avg value – Premium User
CUST02415,High Travel & Dining – Lifestyle User
CUST02416,High txn count / Low avg value – Daily Spender
CUST02417,High Groceries/Fuel ratio – Household User
CUST02418,High Groceries/Fuel ratio – Household User
CUST02419,High txn count / Low avg value – Daily Spender
CUST02420,High Groceries/Fuel ratio – Household User
CUST02421,High Groceries/Fuel ratio – Household User
CUST02422,High txn count / Low avg value – Daily Spender
CUST02423,Low txn count / High avg value – Premium User
CUST02424,High txn count / Low avg value – Daily Spender
CUST02425,High txn count / Low avg value – Daily Spender
CUST02426,High Groceries/Fuel ratio – Household User
CUST02427,High Travel & Dining – Lifestyle User
CUST02428,High txn count / Low avg value – Daily Spender
CUST02429,High txn count / Low avg value – Daily Spender
CUST02430,High txn count / Low avg value – Daily Spender
CUST02431,Low txn count / High avg value – Premium User
CUST02432,Low txn count / High avg value – Premium User
CUST02433,High txn count / Low avg value – Daily Spender
CUST02434,Low txn count / High avg value – Premium User
CUST02435,High txn count / Low avg value – Daily Spender
CUST02436,High txn count / Low avg value – Daily Spender
CUST02437,High txn count / Low avg value – Daily Spender
CUST02438,Low txn count / High avg value – Premium User
CUST02439,High Groceries/Fuel ratio – Household User
CUST02440,Low txn count / High avg value – Premium User
CUST02441,High Groceries/Fuel ratio – Household User
CUST02442,High txn count / Low avg value – Daily Spender
CUST02443,High txn count / Low avg value – Daily Spender
CUST02444,Low txn count / High avg value – Premium User
CUST02445,High txn count / Low avg value – Daily Spender
CUST02446,High txn count / Low avg value – Daily Spender
CUST02447,High Groceries/Fuel ratio – Household User
CUST02448,High Groceries/Fuel ratio – Household User
CUST02449,High txn count / Low avg value – Daily Spender
CUST02450,High txn count / Low avg value – Daily Spender
CUST02451,High Travel & Dining – Lifestyle User
CUST02452,Low txn count / High avg value – Premium User
CUST02453,Low Activity – Dormant User
CUST02454,Low txn count / High avg value – Premium User
CUST02455,Low txn count / High avg value – Premium User
CUST02507,Low txn count / High avg value – Premium User
CUST02508,Low Activity – Dormant User
CUST02509,Low Activity – Dormant User
CUST02510,High Groceries/Fuel ratio – Household User
CUST02511,High txn count / Low avg value – Daily Spender
CUST02512,Low txn count / High avg value – Premium User
CUST02513,Low txn count / High avg value – Premium User
CUST02514,High txn count / Low avg value – Daily Spender
CUST02515,Low txn count / High avg value – Premium User
CUST02516,High Groceries/Fuel ratio – Household User
CUST02517,Low txn count / High avg value – Premium User
CUST02518,High txn count / Low avg value – Daily Spender
CUST02519,High txn count / Low avg value – Daily Spender
CUST02520,High txn count / Low avg value – Daily Spender
CUST02521,High Groceries/Fuel ratio – Household User
CUST02522,High txn count / Low avg value – Daily Spender
CUST02523,High txn count / Low avg value – Daily Spender
CUST02524,Low txn count / High avg value – Premium User
CUST02525,High txn count / Low avg value – Daily Spender
CUST02526,High Groceries/Fuel ratio – Household User
CUST02527,Low txn count / High avg value – Premium User
CUST02528,High Groceries/Fuel ratio – Household User
CUST02529,High txn count / Low avg value – Daily Spender
CUST02530,High txn count / Low avg value – Daily Spender
CUST02531,Low Activity – Dormant User
CUST02532,High txn count / Low avg value – Daily Spender
CUST02533,High Groceries/Fuel ratio – Household User
CUST02534,High txn count / Low avg value – Daily Spender
CUST02535,Low Activity – Dormant User
CUST02536,High txn count / Low avg value – Daily Spender
CUST02537,High Groceries/Fuel ratio – Household User
CUST02538,High txn count / Low avg value – Daily Spender
CUST02539,High txn count / Low avg value – Daily Spender
CUST02540,High txn count / Low avg value – Daily Spender
CUST02541,High txn count / Low avg value – Daily Spender
CUST02542,Low txn count / High avg value – Premium User
CUST02543,High txn count / Low avg value – Daily Spender
CUST02544,High Groceries/Fuel ratio – Household User
CUST02545,Low txn count / High avg value – Premium User
CUST02546,High Groceries/Fuel ratio – Household User
CUST02547,High Groceries/Fuel ratio – Household User
CUST02548,Low txn count / High avg value – Premium User
CUST02549,High Groceries/Fuel ratio – Household User
CUST02550,High txn count / Low avg value – Daily Spender
CUST02551,High Groceries/Fuel ratio – Household User
CUST02552,High txn count / Low avg value – Daily Spender
CUST02553,Low Activity – Dormant User
CUST02554,High Groceries/Fuel ratio – Household User
CUST02555,High txn count / Low avg value – Daily Spender
CUST02556,Low txn count / High avg value – Premium User
CUST02557,High txn count / Low avg value – Daily Spender
CUST02558,High Groceries/Fuel ratio – Household User
CUST02559,Low txn count / High avg value – Premium User
CUST02560,High txn count / Low avg value – Daily Spender
CUST02561,High txn count / Low avg value – Daily Spender
CUST02562,High Groceries/Fuel ratio – Household User
CUST02563,High Groceries/Fuel ratio – Household User
CUST02564,Low txn count / High avg value – Premium User
CUST02565,High txn count / Low avg value – Daily Spender
CUST02566,High Groceries/Fuel ratio – Household User
CUST02567,High txn count / Low avg value – Daily Spender
CUST02568,Low txn count / High avg value – Premium User
CUST02569,Low Activity – Dormant User
CUST02570,Low txn count / High avg value – Premium User
CUST02571,High txn count / Low avg value – Daily Spender
CUST02572,High txn count / Low avg value – Daily Spender
CUST02573,Low txn count / High avg value – Premium User
CUST02574,High Groceries/Fuel ratio – Household User
CUST02575,High txn count / Low avg value – Daily Spender
CUST02576,Low txn count / High avg value – Premium User
CUST02577,High txn count / Low avg value – Daily Spender
CUST02578,High txn count / Low avg value – Daily Spender
CUST02579,High txn count / Low avg value – Daily Spender
CUST02580,High Groceries/Fuel ratio – Household User
CUST02581,High Travel & Dining – Lifestyle User
CUST02582,Low txn count / High avg value – Premium User
CUST02583,Low txn count / High avg value – Premium User
CUST02584,High Groceries/Fuel ratio – Household User
CUST02585,High txn count / Low avg value – Daily Spender
CUST02586,High Groceries/Fuel ratio – Household User
CUST02587,High txn count / Low avg value – Daily Spender
CUST02588,High Groceries/Fuel ratio – Household User
CUST02589,High txn count / Low avg value – Daily Spender
CUST02590,High txn count / Low avg value – Daily Spender
CUST02591,Low txn count / High avg value – Premium User
CUST02592,Low txn count / High avg value – Premium User
CUST02593,Low txn count / High avg value – Premium User
CUST02594,High Groceries/Fuel ratio – Household User
CUST02595,High txn count / Low avg value – Daily Spender
CUST02596,High txn count / Low avg value – Daily Spender
CUST02597,Low txn count / High avg value – Premium User
CUST02598,High txn count / Low avg value – Daily Spender
CUST02599,High Groceries/Fuel ratio – Household User
CUST02600,High txn count / Low avg value – Daily Spender
CUST02601,High Groceries/Fuel ratio – Household User
CUST02602,High txn count / Low avg value – Daily Spender
CUST02603,High txn count / Low avg value – Daily Spender
CUST02604,Low txn count / High avg value – Premium User
CUST02605,Low txn count / High avg value – Premium User
CUST02606,High Groceries/Fuel ratio – Household User
CUST02607,High txn count / Low avg value – Daily Spender
CUST02608,High txn count / Low avg value – Daily Spender
CUST02609,High Groceries/Fuel ratio – Household User
CUST02610,High Travel & Dining – Lifestyle User
CUST02611,High Groceries/Fuel ratio – Household User
CUST02612,High Groceries/Fuel ratio – Household User
CUST02613,High txn count / Low avg value – Daily Spender
CUST02614,High txn count / Low avg value – Daily Spender
CUST02615,High Groceries/Fuel ratio – Household User
CUST02616,High txn count / Low avg value – Daily Spender
CUST02617,High txn count / Low avg value – Daily Spender
CUST02618,High Travel & Dining – Lifestyle User
CUST02619,High txn count / Low avg value – Daily Spender
CUST02620,High txn count / Low avg value – Daily Spender
CUST02621,High txn count / Low avg value – Daily Spender
CUST02622,Low txn count / High avg value – Premium User
CUST02623,High txn count / Low avg value – Daily Spender
CUST02624,High txn count / Low avg value – Daily Spender
CUST02625,Low txn count / High avg value – Premium User
CUST02626,High Groceries/Fuel ratio – Household User
CUST02627,High txn count / Low avg value – Daily Spender
CUST02628,Low txn count / High avg value – Premium User
CUST02629,High txn count / Low avg value – Daily Spender
CUST02630,High txn count / Low avg value – Daily Spender
CUST02631,High txn count / Low avg value – Daily Spender
CUST02632,High Groceries/Fuel ratio – Household User
CUST02633,High Groceries/Fuel ratio – Household User
CUST02634,High txn count / Low avg value – Daily Spender
CUST02635,High txn count / Low avg value – Daily Spender
CUST02636,High txn count / Low avg value – Daily Spender
CUST02637,High txn count / Low avg value – Daily Spender
CUST02638,Low txn count / High avg value – Premium User
CUST02639,High txn count / Low avg value – Daily Spender
CUST02640,High txn count / Low avg value – Daily Spender
CUST02641,High Groceries/Fuel ratio – Household User
CUST02642,High txn count / Low avg value – Daily Spender
CUST02643,High txn count / Low avg value – Daily Spender
CUST02644,High Groceries/Fuel ratio – Household User
CUST02645,High txn count / Low avg value – Daily Spender
CUST02646,High txn count / Low avg value – Daily Spender
CUST02647,Low txn count / High avg value – Premium User
CUST02648,Low txn count / High avg value – Premium User
CUST02649,Low txn count / High avg value – Premium User
CUST02650,High Groceries/Fuel ratio – Household User
CUST02651,High txn count / Low avg value – Daily Spender
CUST02652,High txn count / Low avg value – Daily Spender
CUST02653,High Groceries/Fuel ratio – Household User
CUST02654,High txn count / Low avg value – Daily Spender
CUST02655,Low txn count / High avg value – Premium User
CUST02656,Low txn count / High avg value – Premium User
CUST02657,Low Activity – Dormant User
CUST02658,High Groceries/Fuel ratio – Household User
CUST02659,High txn count / Low avg value – Daily Spender
CUST02660,Low txn count / High avg value – Premium User
CUST02661,High txn count / Low avg value – Daily Spender
CUST02662,High Groceries/Fuel ratio – Household User
CUST02663,High txn count / Low avg value – Daily Spender
CUST02664,High txn count / Low avg value – Daily Spender
CUST02665,High Travel & Dining – Lifestyle User
CUST02666,High Groceries/Fuel ratio – Household User
CUST02667,High txn count / Low avg value – Daily Spender
CUST02668,High txn count / Low avg value – Daily Spender
CUST02669,High txn count / Low avg value – Daily Spender
CUST02670,High txn count / Low avg value – Daily Spender
CUST02671,High txn count / Low avg value – Daily Spender
CUST02672,High txn count / Low avg value – Daily Spender
CUST02673,High Groceries/Fuel ratio – Household User
CUST02674,Low txn count / High avg value – Premium User
CUST02675,High txn count / Low avg value – Daily Spender
CUST02676,High txn count / Low avg value – Daily Spender
CUST02677,High Groceries/Fuel ratio – Household User
CUST02678,High Groceries/Fuel ratio – Household User
CUST02679,Low txn count / High avg value – Premium User
CUST02680,High Travel & Dining – Lifestyle User
CUST02681,High txn count / Low avg value – Daily Spender
CUST02682,High Groceries/Fuel ratio – Household User
CUST02683,High txn count / Low avg value – Daily Spender
CUST02684,High txn count / Low avg value – Daily Spender
CUST02685,High Groceries/Fuel ratio – Household User
CUST02686,High Groceries/Fuel ratio – Household User
CUST02687,Low txn count / High avg value – Premium User
CUST02688,Low txn count / High avg value – Premium User
CUST02689,Low txn count / High avg value – Premium User
CUST02690,Low txn count / High avg value – Premium User
CUST02691,Low txn count / High avg value – Premium User
CUST02692,High Groceries/Fuel ratio – Household User
CUST02693,Low txn count / High avg value – Premium User
CUST02694,High txn count / Low avg value – Daily Spender
CUST02695,Low txn count / High avg value – Premium User
CUST02696,High txn count / Low avg value – Daily Spender
CUST02697,High txn count / Low avg value – Daily Spender
CUST02698,High txn count / Low avg value – Daily Spender
CUST02699,High txn count / Low avg value – Daily Spender
CUST02700,Low txn count / High avg value – Premium User
CUST02701,Low Activity – Dormant User
CUST02702,High Groceries/Fuel ratio – Household User
CUST02703,High Groceries/Fuel ratio – Household User
CUST02704,High txn count / Low avg value – Daily Spender
CUST02705,Low txn count / High avg value – Premium User
CUST02706,High Groceries/Fuel ratio – Household User
CUST02707,High txn count / Low avg value – Daily Spender
CUST02708,High Groceries/Fuel ratio – Household User
CUST02709,High txn count / Low avg value – Daily Spender
CUST02710,High txn count / Low avg value – Daily Spender
CUST02711,Low txn count / High avg value – Premium User
CUST02712,High txn count / Low avg value – Daily Spender
CUST02713,High txn count / Low avg value – Daily Spender
CUST02714,High Groceries/Fuel ratio – Household User
CUST02715,High txn count / Low avg value – Daily Spender
CUST02716,High txn count / Low avg value – Daily Spender
CUST02717,High Travel & Dining – Lifestyle User
CUST02718,Low txn count / High avg value – Premium User
CUST02719,Low txn count / High avg value – Premium User
CUST02720,Low txn count / High avg value – Premium User
CUST02721,High txn count / Low avg value – Daily Spender
CUST02722,High txn count / Low avg value – Daily Spender
CUST02723,High Groceries/Fuel ratio – Household User
CUST02724,High txn count / Low avg value – Daily Spender
CUST02725,High txn count / Low avg value – Daily Spender
CUST02726,High Groceries/Fuel ratio – Household User
CUST02727,High Groceries/Fuel ratio – Household User
CUST02728,High Groceries/Fuel ratio – Household User
CUST02729,Low txn count / High avg value – Premium User
CUST02730,High txn count / Low avg value – Daily Spender
CUST02731,Low txn count / High avg value – Premium User
CUST02732,High Groceries/Fuel ratio – Household User
CUST02733,Low txn count / High avg value – Premium User
CUST02734,Low txn count / High avg value – Premium User
CUST02735,High txn count / Low avg value – Daily Spender
CUST02736,Low txn count / High avg value – Premium User
CUST02737,Low txn count / High avg value – Premium User
CUST02738,Low txn count / High avg value – Premium User
CUST02739,High Groceries/Fuel ratio – Household User
CUST02740,High txn count / Low avg value – Daily Spender
CUST02741,High Groceries/Fuel ratio – Household User
CUST02742,High Groceries/Fuel ratio – Household User
CUST02743,High Groceries/Fuel ratio – Household User
CUST02744,High txn count / Low avg value – Daily Spender
CUST02745,High txn count / Low avg value – Daily Spender
CUST02746,Low txn count / High avg value – Premium User
CUST02747,High Groceries/Fuel ratio – Household User
CUST02748,High txn count / Low avg value – Daily Spender
CUST02749,High txn count / Low avg value – Daily Spender
CUST02750,High txn count / Low avg value – Daily Spender
CUST02751,High txn count / Low avg value – Daily Spender
CUST02752,Low Activity – Dormant User
CUST02753,High txn count / Low avg value – Daily Spender
CUST02754,Low Activity – Dormant User
CUST02755,High txn count / Low avg value – Daily Spender
CUST02756,Low txn count / High avg value – Premium User
CUST02757,High txn count / Low avg value – Daily Spender
CUST02758,High txn count / Low avg value – Daily Spender
CUST02759,High Groceries/Fuel ratio – Household User
CUST02760,High Groceries/Fuel ratio – Household User
CUST02761,High Groceries/Fuel ratio – Household User
CUST02762,High txn count / Low avg value – Daily Spender
CUST02763,Low txn count / High avg value – Premium User
CUST02764,High Groceries/Fuel ratio – Household User
CUST02765,High Travel & Dining – Lifestyle User
CUST02766,Low txn count / High avg value – Premium User
CUST02767,High Groceries/Fuel ratio – Household User
CUST02768,Low txn count / High avg value – Premium User
CUST02769,High txn count / Low avg value – Daily Spender
CUST02770,High Groceries/Fuel ratio – Household User
CUST02771,High txn count / Low avg value – Daily Spender
CUST02772,Low Activity – Dormant User
CUST02773,Low txn count / High avg value – Premium User
CUST02774,Low txn count / High avg value – Premium User
CUST02775,Low txn count / High avg value – Premium User
CUST02776,High Groceries/Fuel ratio – Household User
CUST02777,High Groceries/Fuel ratio – Household User
CUST02778,Low txn count / High avg value – Premium User
CUST02779,High Groceries/Fuel ratio – Household User
CUST02780,High Groceries/Fuel ratio – Household User
CUST02781,Low txn count / High avg value – Premium User
CUST02782,High Travel & Dining – Lifestyle User
CUST02783,High txn count / Low avg value – Daily Spender
CUST02784,High txn count / Low avg value – Daily Spender
CUST02785,High Groceries/Fuel ratio – Household User
CUST02786,Low txn count / High avg value – Premium User
CUST02787,High Groceries/Fuel ratio – Household User
CUST02788,High txn count / Low avg value – Daily Spender
CUST02789,High txn count / Low avg value – Daily Spender
CUST02790,High txn count / Low avg value – Daily Spender
CUST02791,Low Activity – Dormant User
CUST02792,Low txn count / High avg value – Premium User
CUST02793,High txn count / Low avg value – Daily Spender
CUST02794,Low txn count / High avg value – Premium User
CUST02795,Low txn count / High avg value – Premium User
CUST02796,High Groceries/Fuel ratio – Household User
CUST02797,High txn count / Low avg value – Daily Spender
CUST02798,Low txn count / High avg value – Premium User
CUST02799,High Groceries/Fuel ratio – Household User
CUST02800,High txn count / Low avg value – Daily Spender
CUST02801,Low txn count / High avg value – Premium User
CUST02802,Low txn count / High avg value – Premium User
CUST02803,Low Activity – Dormant User
CUST02804,Low txn count / High avg value – Premium User
CUST02805,High Groceries/Fuel ratio – Household User
CUST02806,High txn count / Low avg value – Daily Spender
CUST02807,High Groceries/Fuel ratio – Household User
CUST02808,Low txn count / High avg value – Premium User
CUST02809,High txn count / Low avg value – Daily Spender
CUST02810,High Groceries/Fuel ratio – Household User
CUST02811,High txn count / Low avg value – Daily Spender
CUST02812,High txn count / Low avg value – Daily Spender
CUST02813,High Groceries/Fuel ratio – Household User
CUST02814,Low txn count / High avg value – Premium User
CUST02815,High txn count / Low avg value – Daily Spender
CUST02816,Low txn count / High avg value – Premium User
CUST02817,High Groceries/Fuel ratio – Household User
CUST02818,High Groceries/Fuel ratio – Household User
CUST02819,High txn count / Low avg value – Daily Spender
CUST02820,Low txn count / High avg value – Premium User
CUST02821,High Groceries/Fuel ratio – Household User
CUST02822,High txn count / Low avg value – Daily Spender
CUST02823,High Groceries/Fuel ratio – Household User
CUST02824,High txn count / Low avg value – Daily Spender
CUST02825,High txn count / Low avg value – Daily Spender
CUST02826,High txn count / Low avg value – Daily Spender
CUST02827,High Groceries/Fuel ratio – Household User
CUST02828,Low txn count / High avg value – Premium User
CUST02829,High Groceries/Fuel ratio – Household User
CUST02830,Low txn count / High avg value – Premium User
CUST02831,High txn count / Low avg value – Daily Spender
CUST02832,High Groceries/Fuel ratio – Household User
CUST02833,High txn count / Low avg value – Daily Spender
CUST02834,High txn count / Low avg value – Daily Spender
CUST02835,Low txn count / High avg value – Premium User
CUST02836,High txn count / Low avg value – Daily Spender
CUST02837,High Groceries/Fuel ratio – Household User
CUST02838,High txn count / Low avg value – Daily Spender
CUST02839,High txn count / Low avg value – Daily Spender
CUST02840,High txn count / Low avg value – Daily Spender
CUST02841,High txn count / Low avg value – Daily Spender
CUST02842,High txn count / Low avg value – Daily Spender
CUST02843,High Travel & Dining – Lifestyle User
CUST02844,Low txn count / High avg value – Premium User
CUST02845,High txn count / Low avg value – Daily Spender
CUST02846,High txn count / Low avg value – Daily Spender
CUST02847,High txn count / Low avg value – Daily Spender
CUST02848,Low txn count / High avg value – Premium User
CUST02849,High txn count / Low avg value – Daily Spender
CUST02850,High txn count / Low avg value – Daily Spender
CUST02851,High Groceries/Fuel ratio – Household User
CUST02852,High Groceries/Fuel ratio – Household User
CUST02853,Low txn count / High avg value – Premium User
CUST02854,Low txn count / High avg value – Premium User
CUST02855,Low txn count / High avg value – Premium User
CUST02856,High Groceries/Fuel ratio – Household User
CUST02857,High Groceries/Fuel ratio – Household User
CUST02858,High Groceries/Fuel ratio – Household User
CUST02859,High Groceries/Fuel ratio – Household User
CUST02860,Low txn count / High avg value – Premium User
CUST02861,High txn count / Low avg value – Daily Spender
CUST02862,Low Activity – Dormant User
CUST02863,Low txn count / High avg value – Premium User
CUST02864,Low txn count / High avg value – Premium User
CUST02865,Low txn count / High avg value – Premium User
CUST02866,Low txn count / High avg value – Premium User
CUST02867,High txn count / Low avg value – Daily Spender
CUST02868,High txn count / Low avg value – Daily Spender
CUST02869,High txn count / Low avg value – Daily Spender
CUST02870,High Travel & Dining – Lifestyle User
CUST02871,High txn count / Low avg value – Daily Spender
CUST02872,Low txn count / High avg value – Premium User
CUST02873,Low txn count / High avg value – Premium User
CUST02874,High txn count / Low avg value – Daily Spender
CUST02875,Low txn count / High avg value – Premium User
CUST02876,Low txn count / High avg value – Premium User
CUST02877,High Groceries/Fuel ratio – Household User
CUST02878,Low txn count / High avg value – Premium User
CUST02879,Low txn count / High avg value – Premium User
CUST02880,High txn count / Low avg value – Daily Spender
CUST02881,High txn count / Low avg value – Daily Spender
CUST02882,High Groceries/Fuel ratio – Household User
CUST02883,High Groceries/Fuel ratio – Household User
CUST02884,High Groceries/Fuel ratio – Household User
CUST02885,High txn count / Low avg value – Daily Spender
CUST02886,Low txn count / High avg value – Premium User
CUST02887,Low txn count / High avg value – Premium User
CUST02888,High Travel & Dining – Lifestyle User
CUST02889,Low txn count / High avg value – Premium User
CUST02890,High txn count / Low avg value – Daily Spender
CUST02891,High txn count / Low avg value – Daily Spender
CUST02892,High txn count / Low avg value – Daily Spender
CUST02893,High txn count / Low avg value – Daily Spender
CUST02894,High Groceries/Fuel ratio – Household User
CUST02895,High Travel & Dining – Lifestyle User
CUST02896,Low txn count / High avg value – Premium User
CUST02897,High txn count / Low avg value – Daily Spender
CUST02898,Low txn count / High avg value – Premium User
CUST02899,High Groceries/Fuel ratio – Household User
CUST02900,High Groceries/Fuel ratio – Household User
CUST02901,High txn count / Low avg value – Daily Spender
CUST02902,High Groceries/Fuel ratio – Household User
CUST02903,Low txn count / High avg value – Premium User
CUST02904,Low txn count / High avg value – Premium User
CUST02905,High Groceries/Fuel ratio – Household User
CUST02906,High txn count / Low avg value – Daily Spender
CUST02907,High Groceries/Fuel ratio – Household User
CUST02908,High txn count / Low avg value – Daily Spender
CUST02909,High txn count / Low avg value – Daily Spender
CUST02910,High Groceries/Fuel ratio – Household User
CUST02911,High Groceries/Fuel ratio – Household User
CUST02912,High txn count / Low avg value – Daily Spender
CUST02913,High txn count / Low avg value – Daily Spender
CUST02914,High Groceries/Fuel ratio – Household User
CUST02915,High txn count / Low avg value – Daily Spender
CUST02916,High txn count / Low avg value – Daily Spender
CUST02917,High txn count / Low avg value – Daily Spender
CUST02918,Low txn count / High avg value – Premium User
CUST02919,High txn count / Low avg value – Daily Spender
CUST02920,High txn count / Low avg value – Daily Spender
CUST02921,High txn count / Low avg value – Daily Spender
CUST02922,High Travel & Dining – Lifestyle User
CUST02923,High Groceries/Fuel ratio – Household User
CUST02924,High txn count / Low avg value – Daily Spender
CUST02925,Low Activity – Dormant User
CUST02926,High Travel & Dining – Lifestyle User
CUST02927,Low Activity – Dormant User
CUST02928,High txn count / Low avg value – Daily Spender
CUST02929,High txn count / Low avg value – Daily Spender
CUST02930,Low txn count / High avg value – Premium User
CUST02931,High txn count / Low avg value – Daily Spender
CUST02932,High Groceries/Fuel ratio – Household User
CUST02933,Low txn count / High avg value – Premium User
CUST02934,High txn count / Low avg value – Daily Spender
CUST02935,High Groceries/Fuel ratio – Household User
CUST02936,High txn count / Low avg value – Daily Spender
CUST02937,Low txn count / High avg value – Premium User
CUST02938,Low txn count / High avg value – Premium User
CUST02939,High Groceries/Fuel ratio – Household User
CUST02940,High txn count / Low avg value – Daily Spender
CUST02941,High txn count / Low avg value – Daily Spender
CUST02942,High txn count / Low avg value – Daily Spender
CUST02943,High txn count / Low avg value – Daily Spender
CUST02944,High txn count / Low avg value – Daily Spender
CUST02945,High Groceries/Fuel ratio – Household User
CUST02946,Low txn count / High avg value – Premium User
CUST02947,Low txn count / High avg value – Premium User
CUST02948,Low Activity – Dormant User
CUST02949,High txn count / Low avg value – Daily Spender
CUST02950,Low txn count / High avg value – Premium User
CUST02951,High txn count / Low avg value – Daily Spender
CUST02952,High txn count / Low avg value – Daily Spender
CUST02953,Low txn count / High avg value – Premium User
CUST02954,High txn count / Low avg value – Daily Spender
CUST02955,High txn count / Low avg value – Daily Spender
CUST02956,High txn count / Low avg value – Daily Spender
CUST02957,Low txn count / High avg value – Premium User
CUST02958,High txn count / Low avg value – Daily Spender
CUST02959,Low txn count / High avg value – Premium User
CUST02960,High Groceries/Fuel ratio – Household User
CUST02961,High txn count / Low avg value – Daily Spender
CUST02962,High Travel & Dining – Lifestyle User
CUST02963,High Travel & Dining – Lifestyle User
CUST02964,High txn count / Low avg value – Daily Spender
CUST02965,High txn count / Low avg value – Daily Spender
CUST02966,High txn count / Low avg value – Daily Spender
CUST02967,Low txn count / High avg value – Premium User
CUST02968,High txn count / Low avg value – Daily Spender
CUST02969,High Groceries/Fuel ratio – Household User
CUST02970,High txn count / Low avg value – Daily Spender
CUST02971,High Groceries/Fuel ratio – Household User
CUST02972,High txn count / Low avg value – Daily Spender
CUST02973,High txn count / Low avg value – Daily Spender
CUST02974,High txn count / Low avg value – Daily Spender
CUST02975,High Groceries/Fuel ratio – Household User
CUST02976,Low txn count / High avg value – Premium User
CUST02977,High Groceries/Fuel ratio – Household User
CUST02978,High txn count / Low avg value – Daily Spender
CUST02979,High Travel & Dining – Lifestyle User
CUST02980,Low txn count / High avg value – Premium User
CUST02981,High Groceries/Fuel ratio – Household User
CUST02982,High txn count / Low avg value – Daily Spender
CUST02983,High txn count / Low avg value – Daily Spender
CUST02984,Low txn count / High avg value – Premium User
CUST02985,Low Activity – Dormant User
CUST02986,High Groceries/Fuel ratio – Household User
CUST02987,Low txn count / High avg value – Premium User
CUST02988,High txn count / Low avg value – Daily Spender
CUST02989,Low txn count / High avg value – Premium User
CUST02990,High Groceries/Fuel ratio – Household User
CUST02991,Low txn count / High avg value – Premium User
CUST02992,Low txn count / High avg value – Premium User
CUST02993,High txn count / Low avg value – Daily Spender
CUST02994,High Groceries/Fuel ratio – Household User
CUST02995,High txn count / Low avg value – Daily Spender
CUST02996,High Groceries/Fuel ratio – Household User
CUST02997,High txn count / Low avg value – Daily Spender
CUST02998,High txn count / Low avg value – Daily Spender
CUST02999,High txn count / Low avg value – Daily Spender
CUST03000,High txn count / Low avg value – Daily Spender
CUST03001,High txn count / Low avg value – Daily Spender
CUST03002,High txn count / Low avg value – Daily Spender
CUST03003,High txn count / Low avg value – Daily Spender
CUST03004,Low txn count / High avg value – Premium User
CUST03005,High Travel & Dining – Lifestyle User
CUST03006,High Travel & Dining – Lifestyle User
CUST03007,High Groceries/Fuel ratio – Household User
CUST03008,High txn count / Low avg value – Daily Spender
CUST03009,High Groceries/Fuel ratio – Household User
CUST03010,Low txn count / High avg value – Premium User
CUST03011,High txn count / Low avg value – Daily Spender
CUST03012,High txn count / Low avg value – Daily Spender
CUST03013,High txn count / Low avg value – Daily Spender
CUST03014,High txn count / Low avg value – Daily Spender
CUST03015,High txn count / Low avg value – Daily Spender
CUST03016,High txn count / Low avg value – Daily Spender
CUST03017,Low txn count / High avg value – Premium User
CUST03018,High Groceries/Fuel ratio – Household User
CUST03019,High txn count / Low avg value – Daily Spender
CUST03020,High txn count / Low avg value – Daily Spender
CUST03021,Low txn count / High avg value – Premium User
CUST03022,High txn count / Low avg value – Daily Spender
CUST03023,High txn count / Low avg value – Daily Spender
CUST03024,High Groceries/Fuel ratio – Household User
CUST03025,High txn count / Low avg value – Daily Spender
CUST03026,High txn count / Low avg value – Daily Spender
CUST03027,High txn count / Low avg value – Daily Spender
CUST03028,High txn count / Low avg value – Daily Spender
CUST03029,High txn count / Low avg value – Daily Spender
CUST03030,High Groceries/Fuel ratio – Household User
CUST03031,Low txn count / High avg value – Premium User
CUST03032,High txn count / Low avg value – Daily Spender
CUST03033,High Groceries/Fuel ratio – Household User
CUST03034,High txn count / Low avg value – Daily Spender
CUST03035,High txn count / Low avg value – Daily Spender
CUST03036,Low txn count / High avg value – Premium User
CUST03037,Low txn count / High avg value – Premium User
CUST03038,Low txn count / High avg value – Premium User
CUST03039,High Groceries/Fuel ratio – Household User
CUST03040,High Groceries/Fuel ratio – Household User
CUST03041,Low txn count / High avg value – Premium User
CUST03042,High Groceries/Fuel ratio – Household User
CUST03043,Low txn count / High avg value – Premium User
CUST03044,High txn count / Low avg value – Daily Spender
CUST03045,High txn count / Low avg value – Daily Spender
CUST03046,Low txn count / High avg value – Premium User
CUST03047,High txn count / Low avg value – Daily Spender
CUST03048,High txn count / Low avg value – Daily Spender
CUST03049,High txn count / Low avg value – Daily Spender
CUST03050,High Groceries/Fuel ratio – Household User
CUST03051,Low txn count / High avg value – Premium User
CUST03052,Low Activity – Dormant User
CUST03053,High txn count / Low avg value – Daily Spender
CUST03054,High txn count / Low avg value – Daily Spender
CUST03055,Low txn count / High avg value – Premium User
CUST03056,High txn count / Low avg value – Daily Spender
CUST03057,High Groceries/Fuel ratio – Household User
CUST03058,High Groceries/Fuel ratio – Household User
CUST03059,High Travel & Dining – Lifestyle User
CUST03060,High txn count / Low avg value – Daily Spender
CUST03061,High Groceries/Fuel ratio – Household User
CUST03062,High Groceries/Fuel ratio – Household User
CUST03063,High txn count / Low avg value – Daily Spender
CUST03064,High txn count / Low avg value – Daily Spender
CUST03065,High txn count / Low avg value – Daily Spender
CUST03066,High Groceries/Fuel ratio – Household User
CUST03067,Low txn count / High avg value – Premium User
CUST03068,High txn count / Low avg value – Daily Spender
CUST03069,High txn count / Low avg value – Daily Spender
CUST03070,High txn count / Low avg value – Daily Spender
CUST03071,High txn count / Low avg value – Daily Spender
CUST03072,High txn count / Low avg value – Daily Spender
CUST03073,High txn count / Low avg value – Daily Spender
CUST03074,High Groceries/Fuel ratio – Household User
CUST03075,High txn count / Low avg value – Daily Spender
CUST03076,Low txn count / High avg value – Premium User
CUST03077,High Groceries/Fuel ratio – Household User
CUST03078,High Groceries/Fuel ratio – Household User
CUST03079,Low txn count / High avg value – Premium User
CUST03080,High txn count / Low avg value – Daily Spender
CUST03081,Low txn count / High avg value – Premium User
CUST03082,High Groceries/Fuel ratio – Household User
CUST03083,Low txn count / High avg value – Premium User
CUST03084,High txn count / Low avg value – Daily Spender
CUST03085,High txn count / Low avg value – Daily Spender
CUST03086,Low txn count / High avg value – Premium User
CUST03087,High Groceries/Fuel ratio – Household User
CUST03088,Low txn count / High avg value – Premium User
CUST03089,High txn count / Low avg value – Daily Spender
CUST03090,Low txn count / High avg value – Premium User
CUST03091,High txn count / Low avg value – Daily Spender
CUST03092,High txn count / Low avg value – Daily Spender
CUST03093,High txn count / Low avg value – Daily Spender
CUST03094,High Groceries/Fuel ratio – Household User
CUST03095,High txn count / Low avg value – Daily Spender
CUST03096,Low txn count / High avg value – Premium User
CUST03097,High Groceries/Fuel ratio – Household User
CUST03098,High Groceries/Fuel ratio – Household User
CUST03099,Low txn count / High avg value – Premium User
CUST03100,High Groceries/Fuel ratio – Household User
CUST03101,High txn count / Low avg value – Daily Spender
CUST03102,High txn count / Low avg value – Daily Spender
CUST03103,Low txn count / High avg value – Premium User
CUST03104,High txn count / Low avg value – Daily Spender
CUST03105,Low txn count / High avg value – Premium User
CUST03106,High txn count / Low avg value – Daily Spender
CUST03107,High Groceries/Fuel ratio – Household User
CUST03108,Low txn count / High avg value – Premium User
CUST03109,High txn count / Low avg value – Daily Spender
CUST03110,High txn count / Low avg value – Daily Spender
CUST03111,High Groceries/Fuel ratio – Household User
CUST03112,High txn count / Low avg value – Daily Spender
CUST03113,High Groceries/Fuel ratio – Household User
CUST03114,High Groceries/Fuel ratio – Household User
CUST03115,High txn count / Low avg value – Daily Spender
CUST03116,Low Activity – Dormant User
CUST03117,High Groceries/Fuel ratio – Household User
CUST03118,High Groceries/Fuel ratio – Household User
CUST03119,High Groceries/Fuel ratio – Household User
CUST03120,High txn count / Low avg value – Daily Spender
CUST03121,High Groceries/Fuel ratio – Household User
CUST03122,High Groceries/Fuel ratio – Household User
CUST03123,Low txn count / High avg value – Premium User
CUST03124,High txn count / Low avg value – Daily Spender
CUST03125,High txn count / Low avg value – Daily Spender
CUST03126,High txn count / Low avg value – Daily Spender
CUST03127,High Groceries/Fuel ratio – Household User
CUST03128,High txn count / Low avg value – Daily Spender
CUST03129,High Travel & Dining – Lifestyle User
CUST03130,High txn count / Low avg value – Daily Spender
CUST03131,Low txn count / High avg value – Premium User
CUST03132,Low Activity – Dormant User
CUST03133,High Groceries/Fuel ratio – Household User
CUST03134,High Groceries/Fuel ratio – Household User
CUST03135,High txn count / Low avg value – Daily Spender
CUST03136,High txn count / Low avg value – Daily Spender
CUST03137,High txn count / Low avg value – Daily Spender
CUST03138,Low txn count / High avg value – Premium User
CUST03139,High Groceries/Fuel ratio – Household User
CUST03140,High txn count / Low avg value – Daily Spender
CUST03141,High Travel & Dining – Lifestyle User
CUST03142,Low txn count / High avg value – Premium User
CUST03143,Low txn count / High avg value – Premium User
CUST03144,High txn count / Low avg value – Daily Spender
CUST03145,High txn count / Low avg value – Daily Spender
CUST03146,High txn count / Low avg value – Daily Spender
CUST03147,High txn count / Low avg value – Daily Spender
CUST03148,High txn count / Low avg value – Daily Spender
CUST03149,High Groceries/Fuel ratio – Household User
CUST03150,High txn count / Low avg value – Daily Spender
CUST03151,High Groceries/Fuel ratio – Household User
CUST03152,High txn count / Low avg value – Daily Spender
CUST03153,Low txn count / High avg value – Premium User
CUST03154,Low txn count / High avg value – Premium User
CUST03155,High txn count / Low avg value – Daily Spender
CUST03156,Low txn count / High avg value – Premium User
CUST03157,High Groceries/Fuel ratio – Household User
CUST03158,Low Activity – Dormant User
CUST03159,High txn count / Low avg value – Daily Spender
CUST03160,Low txn count / High avg value – Premium User
CUST03161,High Groceries/Fuel ratio – Household User
CUST03162,High txn count / Low avg value – Daily Spender
CUST03163,Low txn count / High avg value – Premium User
CUST03164,High Groceries/Fuel ratio – Household User
CUST03165,Low txn count / High avg value – Premium User
CUST03166,Low txn count / High avg value – Premium User
CUST03167,High Groceries/Fuel ratio – Household User
CUST03168,High txn count / Low avg value – Daily Spender
CUST03169,Low txn count / High avg value – Premium User
CUST03170,High txn count / Low avg value – Daily Spender
CUST03171,High txn count / Low avg value – Daily Spender
CUST03172,High Groceries/Fuel ratio – Household User
CUST03173,High Groceries/Fuel ratio – Household User
CUST03174,High Groceries/Fuel ratio – Household User
CUST03175,High Groceries/Fuel ratio – Household User
CUST03176,High txn count / Low avg value – Daily Spender
CUST03177,High txn count / Low avg value – Daily Spender
CUST03178,Low txn count / High avg value – Premium User
CUST03179,High txn count / Low avg value – Daily Spender
CUST03180,High Groceries/Fuel ratio – Household User
CUST03181,High txn count / Low avg value – Daily Spender
CUST03182,High txn count / Low avg value – Daily Spender
CUST03183,High Groceries/Fuel ratio – Household User
CUST03184,Low txn count / High avg value – Premium User
CUST03185,Low txn count / High avg value – Premium User
CUST03186,High txn count / Low avg value – Daily Spender
CUST03187,High txn count / Low avg value – Daily Spender
CUST03188,Low Activity – Dormant User
CUST03189,High txn count / Low avg value – Daily Spender
CUST03190,High Travel & Dining – Lifestyle User
CUST03191,Low Activity – Dormant User
CUST03192,Low txn count / High avg value – Premium User
CUST03193,High txn count / Low avg value – Daily Spender
CUST03194,High txn count / Low avg value – Daily Spender
CUST03195,High Groceries/Fuel ratio – Household User
CUST03196,Low txn count / High avg value – Premium User
CUST03197,High Travel & Dining – Lifestyle User
CUST03198,High Groceries/Fuel ratio – Household User
CUST03199,High txn count / Low avg value – Daily Spender
CUST03200,Low txn count / High avg value – Premium User
CUST03201,Low txn count / High avg value – Premium User
CUST03202,High Groceries/Fuel ratio – Household User
CUST03203,High txn count / Low avg value – Daily Spender
CUST03204,High txn count / Low avg value – Daily Spender
CUST03205,High Travel & Dining – Lifestyle User
CUST03206,High Travel & Dining – Lifestyle User
CUST03207,High txn count / Low avg value – Daily Spender
CUST03208,Low txn count / High avg value – Premium User
CUST03209,High txn count / Low avg value – Daily Spender
CUST03210,High Groceries/Fuel ratio – Household User
CUST03211,High txn count / Low avg value – Daily Spender
CUST03212,High Groceries/Fuel ratio – Household User
CUST03213,High txn count / Low avg value – Daily Spender
CUST03214,High Groceries/Fuel ratio – Household User
CUST03215,High Groceries/Fuel ratio – Household User
CUST03216,High Groceries/Fuel ratio – Household User
CUST03217,High Groceries/Fuel ratio – Household User
CUST03218,High txn count / Low avg value – Daily Spender
CUST03219,High txn count / Low avg value – Daily Spender
CUST03220,Low txn count / High avg value – Premium User
CUST03221,High Groceries/Fuel ratio – Household User
CUST03222,High Groceries/Fuel ratio – Household User
CUST03223,High Groceries/Fuel ratio – Household User
CUST03224,High Groceries/Fuel ratio – Household User
CUST03225,Low txn count / High avg value – Premium User
CUST03226,High Groceries/Fuel ratio – Household User
CUST03227,High txn count / Low avg value – Daily Spender
CUST03228,High Groceries/Fuel ratio – Household User
CUST03229,High Groceries/Fuel ratio – Household User
CUST03230,Low txn count / High avg value – Premium User
CUST03231,High txn count / Low avg value – Daily Spender
CUST03232,High Groceries/Fuel ratio – Household User
CUST03233,High Groceries/Fuel ratio – Household User
CUST03234,High txn count / Low avg value – Daily Spender
CUST03235,High Groceries/Fuel ratio – Household User
CUST03236,Low txn count / High avg value – Premium User
CUST03237,High Travel & Dining – Lifestyle User
CUST03238,High txn count / Low avg value – Daily Spender
CUST03239,Low txn count / High avg value – Premium User
CUST03240,Low txn count / High avg value – Premium User
CUST03241,Low txn count / High avg value – Premium User
CUST03242,Low txn count / High avg value – Premium User
CUST03243,High txn count / Low avg value – Daily Spender
CUST03244,High txn count / Low avg value – Daily Spender
CUST03245,High Groceries/Fuel ratio – Household User
CUST03246,Low txn count / High avg value – Premium User
CUST03247,Low txn count / High avg value – Premium User
CUST03248,Low txn count / High avg value – Premium User
CUST03249,Low Activity – Dormant User
CUST03250,Low txn count / High avg value – Premium User
CUST03251,High Groceries/Fuel ratio – Household User
CUST03252,High txn count / Low avg value – Daily Spender
CUST03253,High Groceries/Fuel ratio – Household User
CUST03254,High txn count / Low avg value – Daily Spender
CUST03255,High Groceries/Fuel ratio – Household User
CUST03256,High txn count / Low avg value – Daily Spender
CUST03257,High Groceries/Fuel ratio – Household User
CUST03258,High Travel & Dining – Lifestyle User
CUST03259,Low Activity – Dormant User
CUST03260,High Groceries/Fuel ratio – Household User
CUST03261,Low txn count / High avg value – Premium User
CUST03262,Low txn count / High avg value – Premium User
CUST03263,High Groceries/Fuel ratio – Household User
CUST03264,High txn count / Low avg value – Daily Spender
CUST03265,High Groceries/Fuel ratio – Household User
CUST03266,Low txn count / High avg value – Premium User
CUST03267,Low txn count / High avg value – Premium User
CUST03268,High txn count / Low avg value – Daily Spender
CUST03269,High txn count / Low avg value – Daily Spender
CUST03270,High txn count / Low avg value – Daily Spender
CUST03271,High Groceries/Fuel ratio – Household User
CUST03272,High txn count / Low avg value – Daily Spender
CUST03273,Low txn count / High avg value – Premium User
CUST03274,High Travel & Dining – Lifestyle User
CUST03275,High Travel & Dining – Lifestyle User
CUST03276,High txn count / Low avg value – Daily Spender
CUST03277,Low txn count / High avg value – Premium User
CUST03278,High txn count / Low avg value – Daily Spender
CUST03279,High txn count / Low avg value – Daily Spender
CUST03280,Low txn count / High avg value – Premium User
CUST03281,High Groceries/Fuel ratio – Household User
CUST03282,Low txn count / High avg value – Premium User
CUST03283,High txn count / Low avg value – Daily Spender
CUST03284,Low txn count / High avg value – Premium User
CUST03285,High Groceries/Fuel ratio – Household User
CUST03286,High txn count / Low avg value – Daily Spender
CUST03287,Low txn count / High avg value – Premium User
CUST03288,High Travel & Dining – Lifestyle User
CUST03289,High Groceries/Fuel ratio – Household User
CUST03290,High Groceries/Fuel ratio – Household User
CUST03291,High txn count / Low avg value – Daily Spender
CUST03292,High txn count / Low avg value – Daily Spender
CUST03293,Low txn count / High avg value – Premium User
CUST03294,Low txn count / High avg value – Premium User
CUST03295,High Groceries/Fuel ratio – Household User
CUST03296,High txn count / Low avg value – Daily Spender
CUST03297,High Groceries/Fuel ratio – Household User
CUST03298,High txn count / Low avg value – Daily Spender
CUST03299,Low Activity – Dormant User
CUST03300,Low txn count / High avg value – Premium User
CUST03301,Low txn count / High avg value – Premium User
CUST03302,Low txn count / High avg value – Premium User
CUST03303,High txn count / Low avg value – Daily Spender
CUST03304,High Groceries/Fuel ratio – Household User
CUST03305,High txn count / Low avg value – Daily Spender
CUST03306,High txn count / Low avg value – Daily Spender
CUST03307,High Groceries/Fuel ratio – Household User
CUST03308,High txn count / Low avg value – Daily Spender
CUST03309,Low txn count / High avg value – Premium User
CUST03310,High txn count / Low avg value – Daily Spender
CUST03311,High txn count / Low avg value – Daily Spender
CUST03312,High txn count / Low avg value – Daily Spender
CUST03313,High Groceries/Fuel ratio – Household User
CUST03314,High Groceries/Fuel ratio – Household User
CUST03315,High txn count / Low avg value – Daily Spender
CUST03316,Low txn count / High avg value – Premium User
CUST03317,High Groceries/Fuel ratio – Household User
CUST03318,High Travel & Dining – Lifestyle User
CUST03319,High txn count / Low avg value – Daily Spender
CUST03320,Low txn count / High avg value – Premium User
CUST03321,High Groceries/Fuel ratio – Household User
CUST03322,High txn count / Low avg value – Daily Spender
CUST03323,Low txn count / High avg value – Premium User
CUST03324,High txn count / Low avg value – Daily Spender
CUST03325,High txn count / Low avg value – Daily Spender
CUST03326,Low txn count / High avg value – Premium User
CUST03327,High Groceries/Fuel ratio – Household User
CUST03328,High Groceries/Fuel ratio – Household User
CUST03329,High txn count / Low avg value – Daily Spender
CUST03330,High txn count / Low avg value – Daily Spender
CUST03331,High txn count / Low avg value – Daily Spender
CUST03332,High Groceries/Fuel ratio – Household User
CUST03333,High Groceries/Fuel ratio – Household User
CUST03334,Low Activity – Dormant User
CUST03335,High txn count / Low avg value – Daily Spender
CUST03336,High txn count / Low avg value – Daily Spender
CUST03337,High txn count / Low avg value – Daily Spender
CUST03338,High Groceries/Fuel ratio – Household User
CUST03339,High txn count / Low avg value – Daily Spender
CUST03340,High Travel & Dining – Lifestyle User
CUST03341,Low txn count / High avg value – Premium User
CUST03342,High txn count / Low avg value – Daily Spender
CUST03343,High Groceries/Fuel ratio – Household User
CUST03344,Low txn count / High avg value – Premium User
CUST03345,High txn count / Low avg value – Daily Spender
CUST03346,High txn count / Low avg value – Daily Spender
CUST03347,High Groceries/Fuel ratio – Household User
CUST03348,High Travel & Dining – Lifestyle User
CUST03349,High Groceries/Fuel ratio – Household User
CUST03350,High Groceries/Fuel ratio – Household User
CUST03351,Low txn count / High avg value – Premium User
CUST03352,High txn count / Low avg value – Daily Spender
CUST03353,Low txn count / High avg value – Premium User
CUST03354,High Groceries/Fuel ratio – Household User
CUST03355,High Groceries/Fuel ratio – Household User
CUST03356,High txn count / Low avg value – Daily Spender
CUST03357,High txn count / Low avg value – Daily Spender
CUST03358,Low txn count / High avg value – Premium User
CUST03359,High txn count / Low avg value – Daily Spender
CUST03360,High txn count / Low avg value – Daily Spender
CUST03361,High txn count / Low avg value – Daily Spender
CUST03362,High txn count / Low avg value – Daily Spender
CUST03363,High txn count / Low avg value – Daily Spender
CUST03364,Low Activity – Dormant User
CUST03365,High txn count / Low avg value – Daily Spender
CUST03366,High txn count / Low avg value – Daily Spender
CUST03367,High txn count / Low avg value – Daily Spender
CUST03368,High Groceries/Fuel ratio – Household User
CUST03369,High txn count / Low avg value – Daily Spender
CUST03370,High Groceries/Fuel ratio – Household User
CUST03371,Low txn count / High avg value – Premium User
CUST03372,High txn count / Low avg value – Daily Spender
CUST03373,High txn count / Low avg value – Daily Spender
CUST03374,High txn count / Low avg value – Daily Spender
CUST03375,High txn count / Low avg value – Daily Spender
CUST03376,High txn count / Low avg value – Daily Spender
CUST03377,High Groceries/Fuel ratio – Household User
CUST03378,High Groceries/Fuel ratio – Household User
CUST03379,High txn count / Low avg value – Daily Spender
CUST03380,High txn count / Low avg value – Daily Spender
CUST03381,Low txn count / High avg value – Premium User
CUST03382,High Groceries/Fuel ratio – Household User
CUST03383,High txn count / Low avg value – Daily Spender
CUST03384,High Groceries/Fuel ratio – Household User
CUST03385,Low txn count / High avg value – Premium User
CUST03386,High Groceries/Fuel ratio – Household User
CUST03387,Low txn count / High avg value – Premium User
CUST03388,High Groceries/Fuel ratio – Household User
CUST03389,High txn count / Low avg value – Daily Spender
CUST03390,High txn count / Low avg value – Daily Spender
CUST03391,Low Activity – Dormant User
CUST03392,High txn count / Low avg value – Daily Spender
CUST03393,High txn count / Low avg value – Daily Spender
CUST03394,High txn count / Low avg value – Daily Spender
CUST03395,Low txn count / High avg value – Premium User
CUST03396,High txn count / Low avg value – Daily Spender
CUST03397,Low txn count / High avg value – Premium User
CUST03398,High Groceries/Fuel ratio – Household User
CUST03399,Low txn count / High avg value – Premium User
CUST03400,High Groceries/Fuel ratio – Household User
CUST03401,High Groceries/Fuel ratio – Household User
CUST03402,High Travel & Dining – Lifestyle User
CUST03403,Low Activity – Dormant User
CUST03404,High txn count / Low avg value – Daily Spender
CUST03405,Low txn count / High avg value – Premium User
CUST03406,Low Activity – Dormant User
CUST03407,Low txn count / High avg value – Premium User
CUST03408,High Groceries/Fuel ratio – Household User
CUST03409,High Groceries/Fuel ratio – Household User
CUST03410,Low txn count / High avg value – Premium User
CUST03411,High Groceries/Fuel ratio – Household User
CUST03412,High Groceries/Fuel ratio – Household User
CUST03413,High txn count / Low avg value – Daily Spender
CUST03414,High txn count / Low avg value – Daily Spender
CUST03415,Low txn count / High avg value – Premium User
CUST03416,High txn count / Low avg value – Daily Spender
CUST03417,High txn count / Low avg value – Daily Spender
CUST03418,High Groceries/Fuel ratio – Household User
CUST03419,High Groceries/Fuel ratio – Household User
CUST03420,High txn count / Low avg value – Daily Spender
CUST03421,High txn count / Low avg value – Daily Spender
CUST03422,High txn count / Low avg value – Daily Spender
CUST03423,High Groceries/Fuel ratio – Household User
CUST03424,Low txn count / High avg value – Premium User
CUST03425,High txn count / Low avg value – Daily Spender
CUST03426,Low txn count / High avg value – Premium User
CUST03427,High txn count / Low avg value – Daily Spender
CUST03428,High txn count / Low avg value – Daily Spender
CUST03429,High Groceries/Fuel ratio – Household User
CUST03430,Low txn count / High avg value – Premium User
CUST03431,Low txn count / High avg value – Premium User
CUST03432,High txn count / Low avg value – Daily Spender
CUST03433,Low txn count / High avg value – Premium User
CUST03434,High txn count / Low avg value – Daily Spender
CUST03435,High txn count / Low avg value – Daily Spender
CUST03436,High Groceries/Fuel ratio – Household User
CUST03437,Low txn count / High avg value – Premium User
CUST03438,Low txn count / High avg value – Premium User
CUST03439,Low txn count / High avg value – Premium User
CUST03440,High txn count / Low avg value – Daily Spender
CUST03441,Low txn count / High avg value – Premium User
CUST03442,High Groceries/Fuel ratio – Household User
CUST03443,Low txn count / High avg value – Premium User
CUST03444,High Travel & Dining – Lifestyle User
CUST03445,High txn count / Low avg value – Daily Spender
CUST03446,Low Activity – Dormant User
CUST03447,High txn count / Low avg value – Daily Spender
CUST03448,Low txn count / High avg value – Premium User
CUST03449,High Groceries/Fuel ratio – Household User
CUST03450,Low txn count / High avg value – Premium User
CUST03451,High txn count / Low avg value – Daily Spender
CUST03452,High txn count / Low avg value – Daily Spender
CUST03453,High txn count / Low avg value – Daily Spender
CUST03454,Low txn count / High avg value – Premium User
CUST03455,High Groceries/Fuel ratio – Household User
CUST03456,Low txn count / High avg value – Premium User
CUST03457,High txn count / Low avg value – Daily Spender
CUST03458,High txn count / Low avg value – Daily Spender
CUST03459,High txn count / Low avg value – Daily Spender
CUST03460,High txn count / Low avg value – Daily Spender
CUST03461,High Groceries/Fuel ratio – Household User
CUST03462,High txn count / Low avg value – Daily Spender
CUST03463,Low txn count / High avg value – Premium User
CUST03464,High Groceries/Fuel ratio – Household User
CUST03465,High txn count / Low avg value – Daily Spender
CUST03466,Low txn count / High avg value – Premium User
CUST03467,High txn count / Low avg value – Daily Spender
CUST03468,Low txn count / High avg value – Premium User
CUST03469,High Groceries/Fuel ratio – Household User
CUST03470,High Groceries/Fuel ratio – Household User
CUST03471,High txn count / Low avg value – Daily Spender
CUST03472,High txn count / Low avg value – Daily Spender
CUST03473,High txn count / Low avg value – Daily Spender
CUST03474,Low Activity – Dormant User
CUST03475,High Travel & Dining – Lifestyle User
CUST03476,High txn count / Low avg value – Daily Spender
CUST03477,Low txn count / High avg value – Premium User
CUST03478,Low txn count / High avg value – Premium User
CUST03479,Low txn count / High avg value – Premium User
CUST03480,High Groceries/Fuel ratio – Household User
CUST03481,Low txn count / High avg value – Premium User
CUST03482,High txn count / Low avg value – Daily Spender
CUST03483,High txn count / Low avg value – Daily Spender
CUST03484,Low txn count / High avg value – Premium User
CUST03485,Low txn count / High avg value – Premium User
CUST03486,High txn count / Low avg value – Daily Spender
CUST03487,High Groceries/Fuel ratio – Household User
CUST03488,High Groceries/Fuel ratio – Household User
CUST03489,Low txn count / High avg value – Premium User
CUST03490,High Groceries/Fuel ratio – Household User
CUST03491,High txn count / Low avg value – Daily Spender
CUST03492,High txn count / Low avg value – Daily Spender
CUST03493,Low txn count / High avg value – Premium User
CUST03494,High txn count / Low avg value – Daily Spender
CUST03495,Low txn count / High avg value – Premium User
CUST03496,High txn count / Low avg value – Daily Spender
CUST03497,Low Activity – Dormant User
CUST03498,High Groceries/Fuel ratio – Household User
CUST03499,High txn count / Low avg value – Daily Spender
CUST03500,High txn count / Low avg value – Daily Spender
CUST03501,Low Activity – Dormant User
CUST03502,High txn count / Low avg value – Daily Spender
CUST03503,High Groceries/Fuel ratio – Household User
CUST03504,High txn count / Low avg value – Daily Spender
CUST03505,High txn count / Low avg value – Daily Spender
CUST03506,Low txn count / High avg value – Premium User
CUST03507,Low txn count / High avg value – Premium User
CUST03508,Low txn count / High avg value – Premium User
CUST03509,High Groceries/Fuel ratio – Household User
CUST03510,High txn count / Low avg value – Daily Spender
CUST03511,High Groceries/Fuel ratio – Household User
CUST03512,High txn count / Low avg value – Daily Spender
CUST03513,Low txn count / High avg value – Premium User
CUST03514,Low txn count / High avg value – Premium User
CUST03515,Low txn count / High avg value – Premium User
CUST03516,High Groceries/Fuel ratio – Household User
CUST03517,High txn count / Low avg value – Daily Spender
CUST03518,High Groceries/Fuel ratio – Household User
CUST03519,High Groceries/Fuel ratio – Household User
CUST03520,High Groceries/Fuel ratio – Household User
CUST03521,Low txn count / High avg value – Premium User
CUST03522,High txn count / Low avg value – Daily Spender
CUST03523,High Groceries/Fuel ratio – Household User
CUST03524,High Groceries/Fuel ratio – Household User
CUST03525,High Groceries/Fuel ratio – Household User
CUST03526,High txn count / Low avg value – Daily Spender
CUST03527,High txn count / Low avg value – Daily Spender
CUST03528,Low txn count / High avg value – Premium User
CUST03529,Low txn count / High avg value – Premium User
CUST03530,High txn count / Low avg value – Daily Spender
CUST03531,High txn count / Low avg value – Daily Spender
CUST03532,High txn count / Low avg value – Daily Spender
CUST03533,High txn count / Low avg value – Daily Spender
CUST03534,High Groceries/Fuel ratio – Household User
CUST03535,High Groceries/Fuel ratio – Household User
CUST03536,High txn count / Low avg value – Daily Spender
CUST03537,High txn count / Low avg value – Daily Spender
CUST03538,High txn count / Low avg value – Daily Spender
CUST03539,High Groceries/Fuel ratio – Household User
CUST03540,High Groceries/Fuel ratio – Household User
CUST03541,High txn count / Low avg value – Daily Spender
CUST03542,High Groceries/Fuel ratio – Household User
CUST03543,High txn count / Low avg value – Daily Spender
CUST03544,High txn count / Low avg value – Daily Spender
CUST03545,High Groceries/Fuel ratio – Household User
CUST03546,High Groceries/Fuel ratio – Household User
CUST03547,Low txn count / High avg value – Premium User
CUST03548,High txn count / Low avg value – Daily Spender
CUST03549,High Groceries/Fuel ratio – Household User
CUST03550,Low txn count / High avg value – Premium User
CUST03551,High Groceries/Fuel ratio – Household User
CUST03552,Low txn count / High avg value – Premium User
CUST03553,Low txn count / High avg value – Premium User
CUST03554,High Groceries/Fuel ratio – Household User
CUST03555,High txn count / Low avg value – Daily Spender
CUST03556,High txn count / Low avg value – Daily Spender
CUST03557,Low txn count / High avg value – Premium User
CUST03558,High Groceries/Fuel ratio – Household User
CUST03559,Low txn count / High avg value – Premium User
CUST03560,Low Activity – Dormant User
CUST03561,Low Activity – Dormant User
CUST03562,High Groceries/Fuel ratio – Household User
CUST03563,Low txn count / High avg value – Premium User
CUST03564,Low txn count / High avg value – Premium User
CUST03565,High txn count / Low avg value – Daily Spender
CUST03566,Low txn count / High avg value – Premium User
CUST03567,High txn count / Low avg value – Daily Spender
CUST03568,High txn count / Low avg value – Daily Spender
CUST03569,Low txn count / High avg value – Premium User
CUST03570,High txn count / Low avg value – Daily Spender
CUST03571,Low txn count / High avg value – Premium User
CUST03572,Low txn count / High avg value – Premium User
CUST03573,Low Activity – Dormant User
CUST03574,Low txn count / High avg value – Premium User
CUST03575,High txn count / Low avg value – Daily Spender
CUST03576,High Groceries/Fuel ratio – Household User
CUST03577,Low txn count / High avg value – Premium User
CUST03578,High txn count / Low avg value – Daily Spender
CUST03579,Low txn count / High avg value – Premium User
CUST03580,Low txn count / High avg value – Premium User
CUST03581,Low txn count / High avg value – Premium User
CUST03582,High txn count / Low avg value – Daily Spender
CUST03583,High Travel & Dining – Lifestyle User
CUST03584,Low txn count / High avg value – Premium User
CUST03585,High txn count / Low avg value – Daily Spender
CUST03586,Low txn count / High avg value – Premium User
CUST03587,High txn count / Low avg value – Daily Spender
CUST03588,High Groceries/Fuel ratio – Household User
CUST03589,High Groceries/Fuel ratio – Household User
CUST03590,Low txn count / High avg value – Premium User
CUST03591,High Groceries/Fuel ratio – Household User
CUST03592,High Groceries/Fuel ratio – Household User
CUST03593,Low txn count / High avg value – Premium User
CUST03594,Low txn count / High avg value – Premium User
CUST03595,High txn count / Low avg value – Daily Spender
CUST03596,High Groceries/Fuel ratio – Household User
CUST03597,Low txn count / High avg value – Premium User
CUST03598,High txn count / Low avg value – Daily Spender
CUST03599,High txn count / Low avg value – Daily Spender
CUST03600,High Groceries/Fuel ratio – Household User
CUST03601,Low txn count / High avg value – Premium User
CUST03602,High Groceries/Fuel ratio – Household User
CUST03603,High Travel & Dining – Lifestyle User
CUST03604,High Groceries/Fuel ratio – Household User
CUST03605,High Groceries/Fuel ratio – Household User
CUST03606,High Travel & Dining – Lifestyle User
CUST03607,High txn count / Low avg value – Daily Spender
CUST03608,Low txn count / High avg value – Premium User
CUST03609,High txn count / Low avg value – Daily Spender
CUST03610,Low txn count / High avg value – Premium User
CUST03611,High Groceries/Fuel ratio – Household User
CUST03612,High Travel & Dining – Lifestyle User
CUST03613,High txn count / Low avg value – Daily Spender
CUST03614,High txn count / Low avg value – Daily Spender
CUST03615,High Groceries/Fuel ratio – Household User
CUST03616,Low txn count / High avg value – Premium User
CUST03617,High Travel & Dining – Lifestyle User
CUST03618,High txn count / Low avg value – Daily Spender
CUST03619,High Groceries/Fuel ratio – Household User
CUST03620,High txn count / Low avg value – Daily Spender
CUST03621,High Groceries/Fuel ratio – Household User
CUST03622,High Groceries/Fuel ratio – Household User
CUST03623,Low Activity – Dormant User
CUST03624,High Groceries/Fuel ratio – Household User
CUST03625,High txn count / Low avg value – Daily Spender
CUST03626,High Groceries/Fuel ratio – Household User
CUST03627,Low Activity – Dormant User
CUST03628,High txn count / Low avg value – Daily Spender
CUST03629,High txn count / Low avg value – Daily Spender
CUST03630,High txn count / Low avg value – Daily Spender
CUST03631,High Groceries/Fuel ratio – Household User
CUST03632,Low txn count / High avg value – Premium User
CUST03633,High txn count / Low avg value – Daily Spender
CUST03634,High Groceries/Fuel ratio – Household User
CUST03635,Low txn count / High avg value – Premium User
CUST03636,High Groceries/Fuel ratio – Household User
CUST03637,High Groceries/Fuel ratio – Household User
CUST03638,High Travel & Dining – Lifestyle User
CUST03639,High Groceries/Fuel ratio – Household User
CUST03640,High Groceries/Fuel ratio – Household User
CUST03641,Low txn count / High avg value – Premium User
CUST03642,Low txn count / High avg value – Premium User
CUST03643,Low txn count / High avg value – Premium User
CUST03644,High txn count / Low avg value – Daily Spender
CUST03645,High Groceries/Fuel ratio – Household User
CUST03646,Low txn count / High avg value – Premium User
CUST03647,Low txn count / High avg value – Premium User
CUST03648,Low txn count / High avg value – Premium User
CUST03649,High txn count / Low avg value – Daily Spender
CUST03650,High txn count / Low avg value – Daily Spender
CUST03651,High txn count / Low avg value – Daily Spender
CUST03652,Low txn count / High avg value – Premium User
CUST03653,High Groceries/Fuel ratio – Household User
CUST03654,High Groceries/Fuel ratio – Household User
CUST03655,High Groceries/Fuel ratio – Household User
CUST03656,High txn count / Low avg value – Daily Spender
CUST03657,Low txn count / High avg value – Premium User
CUST03658,High txn count / Low avg value – Daily Spender
CUST03659,High txn count / Low avg value – Daily Spender
CUST03660,Low txn count / High avg value – Premium User
CUST03661,Low txn count / High avg value – Premium User
CUST03662,High Groceries/Fuel ratio – Household User
CUST03663,High Groceries/Fuel ratio – Household User
CUST03664,Low txn count / High avg value – Premium User
CUST03665,Low txn count / High avg value – Premium User
CUST03666,High Travel & Dining – Lifestyle User
CUST03667,High Groceries/Fuel ratio – Household User
CUST03668,High Groceries/Fuel ratio – Household User
CUST03669,Low txn count / High avg value – Premium User
CUST03670,High Groceries/Fuel ratio – Household User
CUST03671,High Groceries/Fuel ratio – Household User
CUST03672,High txn count / Low avg value – Daily Spender
CUST03673,High Groceries/Fuel ratio – Household User
CUST03674,High txn count / Low avg value – Daily Spender
CUST03675,High txn count / Low avg value – Daily Spender
CUST03676,High Groceries/Fuel ratio – Household User
CUST03677,High txn count / Low avg value – Daily Spender
CUST03678,High txn count / Low avg value – Daily Spender
CUST03679,High txn count / Low avg value – Daily Spender
CUST03680,High txn count / Low avg value – Daily Spender
CUST03681,High Groceries/Fuel ratio – Household User
CUST03682,High txn count / Low avg value – Daily Spender
CUST03683,High Groceries/Fuel ratio – Household User
CUST03684,High txn count / Low avg value – Daily Spender
CUST03685,Low txn count / High avg value – Premium User
CUST03686,Low txn count / High avg value – Premium User
CUST03687,High txn count / Low avg value – Daily Spender
CUST03688,High Groceries/Fuel ratio – Household User
CUST03689,High Groceries/Fuel ratio – Household User
CUST03690,High txn count / Low avg value – Daily Spender
CUST03691,Low txn count / High avg value – Premium User
CUST03692,High txn count / Low avg value – Daily Spender
CUST03693,High Groceries/Fuel ratio – Household User
CUST03694,High txn count / Low avg value – Daily Spender
CUST03695,High Groceries/Fuel ratio – Household User
CUST03696,High txn count / Low avg value – Daily Spender
CUST03697,High txn count / Low avg value – Daily Spender
CUST03698,High Travel & Dining – Lifestyle User
CUST03699,High txn count / Low avg value – Daily Spender
CUST03700,High txn count / Low avg value – Daily Spender
CUST03701,High txn count / Low avg value – Daily Spender
CUST03702,High txn count / Low avg value – Daily Spender
CUST03703,Low txn count / High avg value – Premium User
CUST03704,Low txn count / High avg value – Premium User
CUST03705,Low Activity – Dormant User
CUST03706,High txn count / Low avg value – Daily Spender
CUST03707,High txn count / Low avg value – Daily Spender
CUST03708,High txn count / Low avg value – Daily Spender
CUST03709,Low txn count / High avg value – Premium User
CUST03710,High Groceries/Fuel ratio – Household User
CUST03711,High txn count / Low avg value – Daily Spender
CUST03712,High txn count / Low avg value – Daily Spender
CUST03713,High txn count / Low avg value – Daily Spender
CUST03714,Low txn count / High avg value – Premium User
CUST03715,High txn count / Low avg value – Daily Spender
CUST03716,High txn count / Low avg value – Daily Spender
CUST03717,High Groceries/Fuel ratio – Household User
CUST03718,Low txn count / High avg value – Premium User
CUST03719,High txn count / Low avg value – Daily Spender
CUST03720,High txn count / Low avg value – Daily Spender
CUST03721,Low txn count / High avg value – Premium User
CUST03722,High Travel & Dining – Lifestyle User
CUST03723,High Groceries/Fuel ratio – Household User
CUST03724,High txn count / Low avg value – Daily Spender
CUST03725,High Travel & Dining – Lifestyle User
CUST03726,High Groceries/Fuel ratio – Household User
CUST03727,High Groceries/Fuel ratio – Household User
CUST03728,High Groceries/Fuel ratio – Household User
CUST03729,Low txn count / High avg value – Premium User
CUST03730,High Groceries/Fuel ratio – Household User
CUST03731,High txn count / Low avg value – Daily Spender
CUST03732,Low txn count / High avg value – Premium User
CUST03733,Low txn count / High avg value – Premium User
CUST03734,High Groceries/Fuel ratio – Household User
CUST03735,Low txn count / High avg value – Premium User
CUST03736,High txn count / Low avg value – Daily Spender
CUST03737,High txn count / Low avg value – Daily Spender
CUST03738,High txn count / Low avg value – Daily Spender
CUST03739,Low txn count / High avg value – Premium User
CUST03740,High txn count / Low avg value – Daily Spender
CUST03741,Low txn count / High avg value – Premium User
CUST03742,High txn count / Low avg value – Daily Spender
CUST03743,High Groceries/Fuel ratio – Household User
CUST03744,High Groceries/Fuel ratio – Household User
CUST03745,High Groceries/Fuel ratio – Household User
CUST03746,High txn count / Low avg value – Daily Spender
CUST03747,Low txn count / High avg value – Premium User
CUST03748,Low txn count / High avg value – Premium User
CUST03749,Low txn count / High avg value – Premium User
CUST03750,High txn count / Low avg value – Daily Spender
CUST03751,Low txn count / High avg value – Premium User
CUST03752,High txn count / Low avg value – Daily Spender
CUST03753,High txn count / Low avg value – Daily Spender
CUST03754,High txn count / Low avg value – Daily Spender
CUST03755,High Groceries/Fuel ratio – Household User
CUST03756,High Groceries/Fuel ratio – Household User
CUST03757,High txn count / Low avg value – Daily Spender
CUST03758,Low txn count / High avg value – Premium User
CUST03759,High txn count / Low avg value – Daily Spender
CUST03760,High Groceries/Fuel ratio – Household User
CUST03761,High txn count / Low avg value – Daily Spender
CUST03762,Low txn count / High avg value – Premium User
CUST03763,High txn count / Low avg value – Daily Spender
CUST03764,Low txn count / High avg value – Premium User
CUST03765,High txn count / Low avg value – Daily Spender
CUST03766,Low txn count / High avg value – Premium User
CUST03767,High Groceries/Fuel ratio – Household User
CUST03768,High Groceries/Fuel ratio – Household User
CUST03769,High Groceries/Fuel ratio – Household User
CUST03770,Low txn count / High avg value – Premium User
CUST03771,High txn count / Low avg value – Daily Spender
CUST03772,High txn count / Low avg value – Daily Spender
CUST03773,High txn count / Low avg value – Daily Spender
CUST03774,High txn count / Low avg value – Daily Spender
CUST03775,High txn count / Low avg value – Daily Spender
CUST03776,High Travel & Dining – Lifestyle User
CUST03777,Low txn count / High avg value – Premium User
CUST03778,High txn count / Low avg value – Daily Spender
CUST03779,Low txn count / High avg value – Premium User
CUST03780,High txn count / Low avg value – Daily Spender
CUST03781,Low Activity – Dormant User
CUST03782,High Groceries/Fuel ratio – Household User
CUST03783,Low Activity – Dormant User
CUST03784,Low txn count / High avg value – Premium User
CUST03785,High Groceries/Fuel ratio – Household User
CUST03786,Low txn count / High avg value – Premium User
CUST03787,Low txn count / High avg value – Premium User
CUST03788,High Groceries/Fuel ratio – Household User
CUST03789,Low txn count / High avg value – Premium User
CUST03790,High Groceries/Fuel ratio – Household User
CUST03791,High Groceries/Fuel ratio – Household User
CUST03792,Low txn count / High avg value – Premium User
CUST03793,High txn count / Low avg value – Daily Spender
CUST03794,High Groceries/Fuel ratio – Household User
CUST03795,High txn count / Low avg value – Daily Spender
CUST03796,Low txn count / High avg value – Premium User
CUST03797,High Groceries/Fuel ratio – Household User
CUST03798,High Groceries/Fuel ratio – Household User
CUST03799,Low txn count / High avg value – Premium User
CUST03800,High txn count / Low avg value – Daily Spender
CUST03801,High Travel & Dining – Lifestyle User
CUST03802,High txn count / Low avg value – Daily Spender
CUST03803,Low txn count / High avg value – Premium User
CUST03804,High txn count / Low avg value – Daily Spender
CUST03805,Low txn count / High avg value – Premium User
CUST03806,High Groceries/Fuel ratio – Household User
CUST03807,High txn count / Low avg value – Daily Spender
CUST03808,High Groceries/Fuel ratio – Household User
CUST03809,High Groceries/Fuel ratio – Household User
CUST03810,High txn count / Low avg value – Daily Spender
CUST03811,Low txn count / High avg value – Premium User
CUST03812,High Groceries/Fuel ratio – Household User
CUST03813,High txn count / Low avg value – Daily Spender
CUST03814,High Travel & Dining – Lifestyle User
CUST03815,Low txn count / High avg value – Premium User
CUST03816,High Travel & Dining – Lifestyle User
CUST03817,High Travel & Dining – Lifestyle User
CUST03818,Low Activity – Dormant User
CUST03819,Low txn count / High avg value – Premium User
CUST03820,High txn count / Low avg value – Daily Spender
CUST03821,High txn count / Low avg value – Daily Spender
CUST03822,Low txn count / High avg value – Premium User
CUST03823,High txn count / Low avg value – Daily Spender
CUST03824,High Groceries/Fuel ratio – Household User
CUST03825,High Groceries/Fuel ratio – Household User
CUST03826,Low txn count / High avg value – Premium User
CUST03827,Low txn count / High avg value – Premium User
CUST03828,High Travel & Dining – Lifestyle User
CUST03829,High Groceries/Fuel ratio – Household User
CUST03830,High txn count / Low avg value – Daily Spender
CUST03831,High Travel & Dining – Lifestyle User
CUST03832,Low txn count / High avg value – Premium User
CUST03833,High txn count / Low avg value – Daily Spender
CUST03834,Low txn count / High avg value – Premium User
CUST03835,High txn count / Low avg value – Daily Spender
CUST03836,Low txn count / High avg value – Premium User
CUST03837,High Groceries/Fuel ratio – Household User
CUST03838,Low txn count / High avg value – Premium User
CUST03839,High txn count / Low avg value – Daily Spender
CUST03840,Low txn count / High avg value – Premium User
CUST03841,High Groceries/Fuel ratio – Household User
CUST03842,High Groceries/Fuel ratio – Household User
CUST03843,Low txn count / High avg value – Premium User
CUST03844,High Groceries/Fuel ratio – Household User
CUST03845,High txn count / Low avg value – Daily Spender
CUST03846,High txn count / Low avg value – Daily Spender
CUST03847,High Groceries/Fuel ratio – Household User
CUST03848,High txn count / Low avg value – Daily Spender
CUST03849,High Groceries/Fuel ratio – Household User
CUST03850,Low txn count / High avg value – Premium User
CUST03851,High Groceries/Fuel ratio – Household User
CUST03852,High txn count / Low avg value – Daily Spender
CUST03853,High txn count / Low avg value – Daily Spender
CUST03854,High txn count / Low avg value – Daily Spender
CUST03855,High Groceries/Fuel ratio – Household User
CUST03856,High txn count / Low avg value – Daily Spender
CUST03857,Low txn count / High avg value – Premium User
CUST03858,Low txn count / High avg value – Premium User
CUST03859,High Travel & Dining – Lifestyle User
CUST03860,High txn count / Low avg value – Daily Spender
CUST03861,High txn count / Low avg value – Daily Spender
CUST03862,High txn count / Low avg value – Daily Spender
CUST03863,High txn count / Low avg value – Daily Spender
CUST03864,High Groceries/Fuel ratio – Household User
CUST03865,High txn count / Low avg value – Daily Spender
CUST03866,Low txn count / High avg value – Premium User
CUST03867,High txn count / Low avg value – Daily Spender
CUST03868,High txn count / Low avg value – Daily Spender
CUST03869,High Groceries/Fuel ratio – Household User
CUST03870,High txn count / Low avg value – Daily Spender
CUST03871,High Groceries/Fuel ratio – Household User
CUST03872,High Groceries/Fuel ratio – Household User
CUST03873,Low txn count / High avg value – Premium User
CUST03874,High Groceries/Fuel ratio – Household User
CUST03875,Low txn count / High avg value – Premium User
CUST03876,High Groceries/Fuel ratio – Household User
CUST03877,High Travel & Dining – Lifestyle User
CUST03878,Low txn count / High avg value – Premium User
CUST03879,High Groceries/Fuel ratio – Household User
CUST03880,Low txn count / High avg value – Premium User
CUST03881,High txn count / Low avg value – Daily Spender
CUST03882,Low txn count / High avg value – Premium User
CUST03883,High Groceries/Fuel ratio – Household User
CUST03884,Low txn count / High avg value – Premium User
CUST03885,High Travel & Dining – Lifestyle User
CUST03886,Low txn count / High avg value – Premium User
CUST03887,High txn count / Low avg value – Daily Spender
CUST03888,High txn count / Low avg value – Daily Spender
CUST03889,Low txn count / High avg value – Premium User
CUST03890,High txn count / Low avg value – Daily Spender
CUST03891,Low txn count / High avg value – Premium User
CUST03892,High txn count / Low avg value – Daily Spender
CUST03893,Low txn count / High avg value – Premium User
CUST03894,High txn count / Low avg value – Daily Spender
CUST03895,Low txn count / High avg value – Premium User
CUST03896,High Groceries/Fuel ratio – Household User
CUST03897,Low txn count / High avg value – Premium User
CUST03898,High Groceries/Fuel ratio – Household User
CUST03899,High txn count / Low avg value – Daily Spender
CUST03900,Low txn count / High avg value – Premium User
CUST03901,High txn count / Low avg value – Daily Spender
CUST03902,High txn count / Low avg value – Daily Spender
CUST03903,High txn count / Low avg value – Daily Spender
CUST03904,Low txn count / High avg value – Premium User
CUST03905,Low txn count / High avg value – Premium User
CUST03906,Low txn count / High avg value – Premium User
CUST03907,High txn count / Low avg value – Daily Spender
CUST03908,Low txn count / High avg value – Premium User
CUST03909,High txn count / Low avg value – Daily Spender
CUST03910,High Groceries/Fuel ratio – Household User
CUST03911,High txn count / Low avg value – Daily Spender
CUST03912,High Groceries/Fuel ratio – Household User
CUST03913,Low txn count / High avg value – Premium User
CUST03914,High txn count / Low avg value – Daily Spender
CUST03915,High txn count / Low avg value – Daily Spender
CUST03916,High txn count / Low avg value – Daily Spender
CUST03917,High txn count / Low avg value – Daily Spender
CUST03918,High txn count / Low avg value – Daily Spender
CUST03919,High Travel & Dining – Lifestyle User
CUST03920,Low txn count / High avg value – Premium User
CUST03921,Low txn count / High avg value – Premium User
CUST03922,High txn count / Low avg value – Daily Spender
CUST03923,High txn count / Low avg value – Daily Spender
CUST03924,High txn count / Low avg value – Daily Spender
CUST03925,High Groceries/Fuel ratio – Household User
CUST03926,High txn count / Low avg value – Daily Spender
CUST03927,High txn count / Low avg value – Daily Spender
CUST03928,High txn count / Low avg value – Daily Spender
CUST03929,High Groceries/Fuel ratio – Household User
CUST03930,High txn count / Low avg value – Daily Spender
CUST03931,High Groceries/Fuel ratio – Household User
CUST03932,High txn count / Low avg value – Daily Spender
CUST03933,High Groceries/Fuel ratio – Household User
CUST03934,High txn count / Low avg value – Daily Spender
CUST03935,Low txn count / High avg value – Premium User
CUST03936,High Groceries/Fuel ratio – Household User
CUST03937,High Groceries/Fuel ratio – Household User
CUST03938,High Groceries/Fuel ratio – Household User
CUST03939,High Groceries/Fuel ratio – Household User
CUST03940,High txn count / Low avg value – Daily Spender
CUST03941,High txn count / Low avg value – Daily Spender
CUST03942,High Groceries/Fuel ratio – Household User
CUST03943,High txn count / Low avg value – Daily Spender
CUST03944,High Groceries/Fuel ratio – Household User
CUST03945,High Groceries/Fuel ratio – Household User
CUST03946,High txn count / Low avg value – Daily Spender
CUST03947,High txn count / Low avg value – Daily Spender
CUST03948,High Groceries/Fuel ratio – Household User
CUST03949,High Groceries/Fuel ratio – Household User
CUST03950,High Groceries/Fuel ratio – Household User
CUST03951,Low txn count / High avg value – Premium User
CUST03952,Low txn count / High avg value – Premium User
CUST03953,High Groceries/Fuel ratio – Household User
CUST03954,High Groceries/Fuel ratio – Household User
CUST03955,Low txn count / High avg value – Premium User
CUST03956,Low txn count / High avg value – Premium User
CUST03957,Low txn count / High avg value – Premium User
CUST03958,High Groceries/Fuel ratio – Household User
CUST03959,High Groceries/Fuel ratio – Household User
CUST03960,Low txn count / High avg value – Premium User
CUST03961,High txn count / Low avg value – Daily Spender
CUST03962,High Groceries/Fuel ratio – Household User
CUST03963,Low txn count / High avg value – Premium User
CUST03964,High Groceries/Fuel ratio – Household User
CUST03965,High Travel & Dining – Lifestyle User
CUST03966,High txn count / Low avg value – Daily Spender
CUST03967,High Groceries/Fuel ratio – Household User
CUST03968,Low txn count / High avg value – Premium User
CUST03969,High txn count / Low avg value – Daily Spender
CUST03970,Low txn count / High avg value – Premium User
CUST03971,Low txn count / High avg value – Premium User
CUST03972,High Travel & Dining – Lifestyle User
CUST03973,High txn count / Low avg value – Daily Spender
CUST03974,High Travel & Dining – Lifestyle User
CUST03975,High txn count / Low avg value – Daily Spender
CUST03976,High txn count / Low avg value – Daily Spender
CUST03977,Low txn count / High avg value – Premium User
CUST03978,High Groceries/Fuel ratio – Household User
CUST03979,Low txn count / High avg value – Premium User
CUST03980,Low Activity – Dormant User
CUST03981,High Travel & Dining – Lifestyle User
CUST03982,High Groceries/Fuel ratio – Household User
CUST03983,High Groceries/Fuel ratio – Household User
CUST03984,High Travel & Dining – Lifestyle User
CUST03985,Low Activity – Dormant User
CUST03986,High Groceries/Fuel ratio – Household User
CUST03987,Low txn count / High avg value – Premium User
CUST03988,High txn count / Low avg value – Daily Spender
CUST03989,Low txn count / High avg value – Premium User
CUST03990,High Groceries/Fuel ratio – Household User
CUST03991,High Groceries/Fuel ratio – Household User
CUST03992,High txn count / Low avg value – Daily Spender
CUST03993,High Groceries/Fuel ratio – Household User
CUST03994,Low txn count / High avg value – Premium User
CUST03995,Low txn count / High avg value – Premium User
CUST03996,High txn count / Low avg value – Daily Spender
CUST03997,High txn count / Low avg value – Daily Spender
CUST03998,Low txn count / High avg value – Premium User
CUST03999,High Groceries/Fuel ratio – Household User
CUST04000,Low txn count / High avg value – Premium User
CUST04001,High txn count / Low avg value – Daily Spender
CUST04002,High txn count / Low avg value – Daily Spender
CUST04003,High Groceries/Fuel ratio – Household User
CUST04004,High Groceries/Fuel ratio – Household User
CUST04005,High txn count / Low avg value – Daily Spender
CUST04006,High txn count / Low avg value – Daily Spender
CUST04007,Low txn count / High avg value – Premium User
CUST04008,High txn count / Low avg value – Daily Spender
CUST04009,Low txn count / High avg value – Premium User
CUST04010,High Groceries/Fuel ratio – Household User
CUST04011,High txn count / Low avg value – Daily Spender
CUST04012,High txn count / Low avg value – Daily Spender
CUST04013,High Groceries/Fuel ratio – Household User
CUST04014,High txn count / Low avg value – Daily Spender
CUST04015,High txn count / Low avg value – Daily Spender
CUST04016,Low Activity – Dormant User
CUST04017,High Travel & Dining – Lifestyle User
CUST04018,High txn count / Low avg value – Daily Spender
CUST04019,High Groceries/Fuel ratio – Household User
CUST04020,High Groceries/Fuel ratio – Household User
CUST04021,High Groceries/Fuel ratio – Household User
CUST04022,High txn count / Low avg value – Daily Spender
CUST04023,Low txn count / High avg value – Premium User
CUST04024,High txn count / Low avg value – Daily Spender
CUST04025,Low txn count / High avg value – Premium User
CUST04026,High txn count / Low avg value – Daily Spender
CUST04027,High Groceries/Fuel ratio – Household User
CUST04028,High txn count / Low avg value – Daily Spender
CUST04029,High txn count / Low avg value – Daily Spender
CUST04030,High txn count / Low avg value – Daily Spender
CUST04031,High txn count / Low avg value – Daily Spender
CUST04032,High Groceries/Fuel ratio – Household User
CUST04033,High txn count / Low avg value – Daily Spender
CUST04034,High Groceries/Fuel ratio – Household User
CUST04035,Low txn count / High avg value – Premium User
CUST04036,High txn count / Low avg value – Daily Spender
CUST04037,High txn count / Low avg value – Daily Spender
CUST04038,High txn count / Low avg value – Daily Spender
CUST04039,Low txn count / High avg value – Premium User
CUST04040,High txn count / Low avg value – Daily Spender
CUST04041,High txn count / Low avg value – Daily Spender
CUST04042,Low txn count / High avg value – Premium User
CUST04043,High txn count / Low avg value – Daily Spender
CUST04044,Low txn count / High avg value – Premium User
CUST04045,Low txn count / High avg value – Premium User
CUST04046,High txn count / Low avg value – Daily Spender
CUST04047,Low txn count / High avg value – Premium User
CUST04048,Low Activity – Dormant User
CUST04049,High Groceries/Fuel ratio – Household User
CUST04050,Low Activity – Dormant User
CUST04051,High txn count / Low avg value – Daily Spender
CUST04052,High txn count / Low avg value – Daily Spender
CUST04053,Low txn count / High avg value – Premium User
CUST04054,High txn count / Low avg value – Daily Spender
CUST04055,High Groceries/Fuel ratio – Household User
CUST04056,High Travel & Dining – Lifestyle User
CUST04057,High Groceries/Fuel ratio – Household User
CUST04058,Low txn count / High avg value – Premium User
CUST04059,High Travel & Dining – Lifestyle User
CUST04060,High txn count / Low avg value – Daily Spender
CUST04061,High Groceries/Fuel ratio – Household User
CUST04062,High txn count / Low avg value – Daily Spender
CUST04063,High txn count / Low avg value – Daily Spender
CUST04064,Low Activity – Dormant User
CUST04065,High Groceries/Fuel ratio – Household User
CUST04066,High Groceries/Fuel ratio – Household User
CUST04067,High Travel & Dining – Lifestyle User
CUST04068,High txn count / Low avg value – Daily Spender
CUST04069,Low Activity – Dormant User
CUST04070,High txn count / Low avg value – Daily Spender
CUST04071,High txn count / Low avg value – Daily Spender
CUST04072,Low txn count / High avg value – Premium User
CUST04073,High txn count / Low avg value – Daily Spender
CUST04074,High txn count / Low avg value – Daily Spender
CUST04075,High Groceries/Fuel ratio – Household User
CUST04076,Low txn count / High avg value – Premium User
CUST04077,High txn count / Low avg value – Daily Spender
CUST04078,High txn count / Low avg value – Daily Spender
CUST04079,High Groceries/Fuel ratio – Household User
CUST04080,High txn count / Low avg value – Daily Spender
CUST04081,High Groceries/Fuel ratio – Household User
CUST04082,High txn count / Low avg value – Daily Spender
CUST04083,High txn count / Low avg value – Daily Spender
CUST04084,High Groceries/Fuel ratio – Household User
CUST04085,High Groceries/Fuel ratio – Household User
CUST04086,High Groceries/Fuel ratio – Household User
CUST04087,High txn count / Low avg value – Daily Spender
CUST04088,High txn count / Low avg value – Daily Spender
CUST04089,High Groceries/Fuel ratio – Household User
CUST04090,High txn count / Low avg value – Daily Spender
CUST04091,High txn count / Low avg value – Daily Spender
CUST04092,Low txn count / High avg value – Premium User
CUST04093,Low txn count / High avg value – Premium User
CUST04094,High Travel & Dining – Lifestyle User
CUST04095,Low txn count / High avg value – Premium User
CUST04096,High Groceries/Fuel ratio – Household User
CUST04097,High Groceries/Fuel ratio – Household User
CUST04098,High txn count / Low avg value – Daily Spender
CUST04099,High Groceries/Fuel ratio – Household User
CUST04100,High txn count / Low avg value – Daily Spender
CUST04101,Low txn count / High avg value – Premium User
CUST04102,Low txn count / High avg value – Premium User
CUST04103,Low txn count / High avg value – Premium User
CUST04104,High txn count / Low avg value – Daily Spender
CUST04105,High txn count / Low avg value – Daily Spender
CUST04106,Low Activity – Dormant User
CUST04107,High Groceries/Fuel ratio – Household User
CUST04108,Low Activity – Dormant User
CUST04109,Low txn count / High avg value – Premium User
CUST04110,Low txn count / High avg value – Premium User
CUST04111,Low txn count / High avg value – Premium User
CUST04112,High Groceries/Fuel ratio – Household User
CUST04113,High Groceries/Fuel ratio – Household User
CUST04114,High txn count / Low avg value – Daily Spender
CUST04115,High Travel & Dining – Lifestyle User
CUST04116,High txn count / Low avg value – Daily Spender
CUST04117,Low txn count / High avg value – Premium User
CUST04118,High Groceries/Fuel ratio – Household User
CUST04119,High txn count / Low avg value – Daily Spender
CUST04120,High txn count / Low avg value – Daily Spender
CUST04121,High Groceries/Fuel ratio – Household User
CUST04122,High txn count / Low avg value – Daily Spender
CUST04123,High txn count / Low avg value – Daily Spender
CUST04124,High txn count / Low avg value – Daily Spender
CUST04125,High txn count / Low avg value – Daily Spender
CUST04126,Low Activity – Dormant User
CUST04127,Low txn count / High avg value – Premium User
CUST04128,High txn count / Low avg value – Daily Spender
CUST04129,High Groceries/Fuel ratio – Household User
CUST04130,High txn count / Low avg value – Daily Spender
CUST04131,High Groceries/Fuel ratio – Household User
CUST04132,High txn count / Low avg value – Daily Spender
CUST04133,High txn count / Low avg value – Daily Spender
CUST04134,High Groceries/Fuel ratio – Household User
CUST04135,High Groceries/Fuel ratio – Household User
CUST04136,High txn count / Low avg value – Daily Spender
CUST04137,High txn count / Low avg value – Daily Spender
CUST04138,High txn count / Low avg value – Daily Spender
CUST04139,Low txn count / High avg value – Premium User
CUST04140,High txn count / Low avg value – Daily Spender
CUST04141,High Groceries/Fuel ratio – Household User
CUST04142,High Groceries/Fuel ratio – Household User
CUST04143,High Travel & Dining – Lifestyle User
CUST04144,Low Activity – Dormant User
CUST04145,High txn count / Low avg value – Daily Spender
CUST04146,High Groceries/Fuel ratio – Household User
CUST04147,Low txn count / High avg value – Premium User
CUST04148,High txn count / Low avg value – Daily Spender
CUST04149,High txn count / Low avg value – Daily Spender
CUST04150,High Groceries/Fuel ratio – Household User
CUST04151,High Groceries/Fuel ratio – Household User
CUST04152,High txn count / Low avg value – Daily Spender
CUST04153,High txn count / Low avg value – Daily Spender
CUST04154,High txn count / Low avg value – Daily Spender
CUST04155,High Groceries/Fuel ratio – Household User
CUST04156,Low txn count / High avg value – Premium User
CUST04157,High txn count / Low avg value – Daily Spender
CUST04158,High txn count / Low avg value – Daily Spender
CUST04159,Low txn count / High avg value – Premium User
CUST04160,Low txn count / High avg value – Premium User
CUST04161,High Groceries/Fuel ratio – Household User
CUST04162,Low txn count / High avg value – Premium User
CUST04163,High txn count / Low avg value – Daily Spender
CUST04164,High txn count / Low avg value – Daily Spender
CUST04165,High txn count / Low avg value – Daily Spender
CUST04166,High Groceries/Fuel ratio – Household User
CUST04167,High Groceries/Fuel ratio – Household User
CUST04168,High txn count / Low avg value – Daily Spender
CUST04169,High Groceries/Fuel ratio – Household User
CUST04170,High Groceries/Fuel ratio – Household User
CUST04171,Low txn count / High avg value – Premium User
CUST04172,Low txn count / High avg value – Premium User
CUST04173,Low txn count / High avg value – Premium User
CUST04174,Low txn count / High avg value – Premium User
CUST04175,High txn count / Low avg value – Daily Spender
CUST04176,Low txn count / High avg value – Premium User
CUST04177,Low txn count / High avg value – Premium User
CUST04178,High txn count / Low avg value – Daily Spender
CUST04179,High txn count / Low avg value – Daily Spender
CUST04180,Low txn count / High avg value – Premium User
CUST04181,High txn count / Low avg value – Daily Spender
CUST04182,High txn count / Low avg value – Daily Spender
CUST04183,High txn count / Low avg value – Daily Spender
CUST04184,High Groceries/Fuel ratio – Household User
CUST04185,High txn count / Low avg value – Daily Spender
CUST04186,High Groceries/Fuel ratio – Household User
CUST04187,High Groceries/Fuel ratio – Household User
CUST04188,High txn count / Low avg value – Daily Spender
CUST04189,High txn count / Low avg value – Daily Spender
CUST04190,High txn count / Low avg value – Daily Spender
CUST04191,High txn count / Low avg value – Daily Spender
CUST04192,Low txn count / High avg value – Premium User
CUST04193,High txn count / Low avg value – Daily Spender
CUST04194,High txn count / Low avg value – Daily Spender
CUST04195,High Groceries/Fuel ratio – Household User
CUST04196,High Groceries/Fuel ratio – Household User
CUST04197,High txn count / Low avg value – Daily Spender
CUST04198,Low txn count / High avg value – Premium User
CUST04199,High txn count / Low avg value – Daily Spender
CUST04200,High txn count / Low avg value – Daily Spender
CUST04201,High Groceries/Fuel ratio – Household User
CUST04202,High Groceries/Fuel ratio – Household User
CUST04203,Low Activity – Dormant User
CUST04204,High Groceries/Fuel ratio – Household User
CUST04205,High Groceries/Fuel ratio – Household User
CUST04206,Low txn count / High avg value – Premium User
CUST04207,Low txn count / High avg value – Premium User
CUST04208,High Groceries/Fuel ratio – Household User
CUST04209,High Groceries/Fuel ratio – Household User
CUST04210,High Groceries/Fuel ratio – Household User
CUST04211,Low txn count / High avg value – Premium User
CUST04212,Low txn count / High avg value – Premium User
CUST04213,High Groceries/Fuel ratio – Household User
CUST04214,High txn count / Low avg value – Daily Spender
CUST04215,High txn count / Low avg value – Daily Spender
CUST04216,High Groceries/Fuel ratio – Household User
CUST04217,Low txn count / High avg value – Premium User
CUST04218,High txn count / Low avg value – Daily Spender
CUST04219,High txn count / Low avg value – Daily Spender
CUST04220,High txn count / Low avg value – Daily Spender
CUST04221,High txn count / Low avg value – Daily Spender
CUST04222,High txn count / Low avg value – Daily Spender
CUST04223,Low txn count / High avg value – Premium User
CUST04224,Low txn count / High avg value – Premium User
CUST04225,High txn count / Low avg value – Daily Spender
CUST04226,High Travel & Dining – Lifestyle User
CUST04227,High txn count / Low avg value – Daily Spender
CUST04228,Low txn count / High avg value – Premium User
CUST04229,High Groceries/Fuel ratio – Household User
CUST04230,High txn count / Low avg value – Daily Spender
CUST04231,High Groceries/Fuel ratio – Household User
CUST04232,High txn count / Low avg value – Daily Spender
CUST04233,Low txn count / High avg value – Premium User
CUST04234,High Groceries/Fuel ratio – Household User
CUST04235,High txn count / Low avg value – Daily Spender
CUST04236,High Groceries/Fuel ratio – Household User
CUST04237,High txn count / Low avg value – Daily Spender
CUST04238,High txn count / Low avg value – Daily Spender
CUST04239,High txn count / Low avg value – Daily Spender
CUST04240,High txn count / Low avg value – Daily Spender
CUST04241,High txn count / Low avg value – Daily Spender
CUST04242,High txn count / Low avg value – Daily Spender
CUST04243,Low txn count / High avg value – Premium User
CUST04244,Low txn count / High avg value – Premium User
CUST04245,High Travel & Dining – Lifestyle User
CUST04246,High txn count / Low avg value – Daily Spender
CUST04247,High Groceries/Fuel ratio – Household User
CUST04248,Low txn count / High avg value – Premium User
CUST04249,Low txn count / High avg value – Premium User
CUST04250,High txn count / Low avg value – Daily Spender
CUST04251,High Groceries/Fuel ratio – Household User
CUST04252,High txn count / Low avg value – Daily Spender
CUST04253,Low txn count / High avg value – Premium User
CUST04254,High Groceries/Fuel ratio – Household User
CUST04255,High txn count / Low avg value – Daily Spender
CUST04256,Low txn count / High avg value – Premium User
CUST04257,High Groceries/Fuel ratio – Household User
CUST04258,High txn count / Low avg value – Daily Spender
CUST04259,Low txn count / High avg value – Premium User
CUST04260,High Groceries/Fuel ratio – Household User
CUST04261,Low txn count / High avg value – Premium User
CUST04262,Low txn count / High avg value – Premium User
CUST04263,High txn count / Low avg value – Daily Spender
CUST04264,High txn count / Low avg value – Daily Spender
CUST04265,Low txn count / High avg value – Premium User
CUST04266,High txn count / Low avg value – Daily Spender
CUST04267,High Groceries/Fuel ratio – Household User
CUST04268,High Travel & Dining – Lifestyle User
CUST04269,High txn count / Low avg value – Daily Spender
CUST04270,High txn count / Low avg value – Daily Spender
CUST04271,High txn count / Low avg value – Daily Spender
CUST04272,High Groceries/Fuel ratio – Household User
CUST04273,High Groceries/Fuel ratio – Household User
CUST04274,High txn count / Low avg value – Daily Spender
CUST04275,Low txn count / High avg value – Premium User
CUST04276,Low txn count / High avg value – Premium User
CUST04277,High txn count / Low avg value – Daily Spender
CUST04278,High Groceries/Fuel ratio – Household User
CUST04279,High txn count / Low avg value – Daily Spender
CUST04280,High Groceries/Fuel ratio – Household User
CUST04281,High txn count / Low avg value – Daily Spender
CUST04282,High Groceries/Fuel ratio – Household User
CUST04283,High Groceries/Fuel ratio – Household User
CUST04284,Low txn count / High avg value – Premium User
CUST04285,Low txn count / High avg value – Premium User
CUST04286,Low txn count / High avg value – Premium User
CUST04287,Low txn count / High avg value – Premium User
CUST04288,High Travel & Dining – Lifestyle User
CUST04289,High txn count / Low avg value – Daily Spender
CUST04290,Low txn count / High avg value – Premium User
CUST04291,High Groceries/Fuel ratio – Household User
CUST04292,High Groceries/Fuel ratio – Household User
CUST04293,High Travel & Dining – Lifestyle User
CUST04294,High txn count / Low avg value – Daily Spender
CUST04295,High txn count / Low avg value – Daily Spender
CUST04296,High Groceries/Fuel ratio – Household User
CUST04297,High Groceries/Fuel ratio – Household User
CUST04298,Low txn count / High avg value – Premium User
CUST04299,Low txn count / High avg value – Premium User
CUST04300,High Groceries/Fuel ratio – Household User
CUST04301,Low txn count / High avg value – Premium User
CUST04302,High txn count / Low avg value – Daily Spender
CUST04303,Low txn count / High avg value – Premium User
CUST04304,High txn count / Low avg value – Daily Spender
CUST04305,High Groceries/Fuel ratio – Household User
CUST04306,Low txn count / High avg value – Premium User
CUST04307,High txn count / Low avg value – Daily Spender
CUST04308,High txn count / Low avg value – Daily Spender
CUST04309,High txn count / Low avg value – Daily Spender
CUST04310,High txn count / Low avg value – Daily Spender
CUST04311,Low txn count / High avg value – Premium User
CUST04312,High Groceries/Fuel ratio – Household User
CUST04313,Low Activity – Dormant User
CUST04314,Low txn count / High avg value – Premium User
CUST04315,High Groceries/Fuel ratio – Household User
CUST04316,High txn count / Low avg value – Daily Spender
CUST04317,High Groceries/Fuel ratio – Household User
CUST04318,Low txn count / High avg value – Premium User
CUST04319,High Groceries/Fuel ratio – Household User
CUST04320,Low txn count / High avg value – Premium User
CUST04321,Low txn count / High avg value – Premium User
CUST04322,High txn count / Low avg value – Daily Spender
CUST04323,Low txn count / High avg value – Premium User
CUST04324,Low txn count / High avg value – Premium User
CUST04325,Low txn count / High avg value – Premium User
CUST04326,High Groceries/Fuel ratio – Household User
CUST04327,High txn count / Low avg value – Daily Spender
CUST04328,High Groceries/Fuel ratio – Household User
CUST04329,High txn count / Low avg value – Daily Spender
CUST04330,High txn count / Low avg value – Daily Spender
CUST04331,High Groceries/Fuel ratio – Household User
CUST04332,Low txn count / High avg value – Premium User
CUST04333,High txn count / Low avg value – Daily Spender
CUST04334,High txn count / Low avg value – Daily Spender
CUST04335,High Groceries/Fuel ratio – Household User
CUST04336,Low txn count / High avg value – Premium User
CUST04337,Low txn count / High avg value – Premium User
CUST04338,High txn count / Low avg value – Daily Spender
CUST04339,High Groceries/Fuel ratio – Household User
CUST04340,Low txn count / High avg value – Premium User
CUST04341,High Groceries/Fuel ratio – Household User
CUST04342,High txn count / Low avg value – Daily Spender
CUST04343,High txn count / Low avg value – Daily Spender
CUST04344,High Groceries/Fuel ratio – Household User
CUST04345,High txn count / Low avg value – Daily Spender
CUST04346,High txn count / Low avg value – Daily Spender
CUST04347,Low txn count / High avg value – Premium User
CUST04348,High txn count / Low avg value – Daily Spender
CUST04349,High txn count / Low avg value – Daily Spender
CUST04350,High txn count / Low avg value – Daily Spender
CUST04351,High Groceries/Fuel ratio – Household User
CUST04352,Low txn count / High avg value – Premium User
CUST04353,High txn count / Low avg value – Daily Spender
CUST04354,High Groceries/Fuel ratio – Household User
CUST04355,High txn count / Low avg value – Daily Spender
CUST04356,High Groceries/Fuel ratio – Household User
CUST04357,High txn count / Low avg value – Daily Spender
CUST04358,Low txn count / High avg value – Premium User
CUST04359,High Groceries/Fuel ratio – Household User
CUST04360,Low txn count / High avg value – Premium User
CUST04361,High txn count / Low avg value – Daily Spender
CUST04362,High txn count / Low avg value – Daily Spender
CUST04363,Low txn count / High avg value – Premium User
CUST04364,High Groceries/Fuel ratio – Household User
CUST04365,High txn count / Low avg value – Daily Spender
CUST04366,High Groceries/Fuel ratio – Household User
CUST04367,Low txn count / High avg value – Premium User
CUST04368,High Groceries/Fuel ratio – Household User
CUST04369,High Groceries/Fuel ratio – Household User
CUST04370,High Groceries/Fuel ratio – Household User
CUST04371,High txn count / Low avg value – Daily Spender
CUST04372,High Groceries/Fuel ratio – Household User
CUST04373,High txn count / Low avg value – Daily Spender
CUST04374,Low txn count / High avg value – Premium User
CUST04375,Low txn count / High avg value – Premium User
CUST04376,High txn count / Low avg value – Daily Spender
CUST04377,High Travel & Dining – Lifestyle User
CUST04378,High Groceries/Fuel ratio – Household User
CUST04379,Low txn count / High avg value – Premium User
CUST04380,High Groceries/Fuel ratio – Household User
CUST04381,High Groceries/Fuel ratio – Household User
CUST04382,Low txn count / High avg value – Premium User
CUST04383,Low txn count / High avg value – Premium User
CUST04384,Low txn count / High avg value – Premium User
CUST04385,Low txn count / High avg value – Premium User
CUST04386,Low Activity – Dormant User
CUST04387,High Groceries/Fuel ratio – Household User
CUST04388,High Groceries/Fuel ratio – Household User
CUST04389,High Groceries/Fuel ratio – Household User
CUST04390,High Groceries/Fuel ratio – Household User
CUST04391,High Groceries/Fuel ratio – Household User
CUST04392,High txn count / Low avg value – Daily Spender
CUST04393,High Groceries/Fuel ratio – Household User
CUST04394,High txn count / Low avg value – Daily Spender
CUST04395,High txn count / Low avg value – Daily Spender
CUST04396,High txn count / Low avg value – Daily Spender
CUST04397,High Groceries/Fuel ratio – Household User
CUST04398,High Groceries/Fuel ratio – Household User
CUST04399,High Groceries/Fuel ratio – Household User
CUST04400,High Groceries/Fuel ratio – Household User
CUST04401,Low txn count / High avg value – Premium User
CUST04402,High Groceries/Fuel ratio – Household User
CUST04403,High txn count / Low avg value – Daily Spender
CUST04404,Low txn count / High avg value – Premium User
CUST04405,High txn count / Low avg value – Daily Spender
CUST04406,Low txn count / High avg value – Premium User
CUST04407,Low txn count / High avg value – Premium User
CUST04408,High txn count / Low avg value – Daily Spender
CUST04409,Low txn count / High avg value – Premium User
CUST04410,High Groceries/Fuel ratio – Household User
CUST04411,High Groceries/Fuel ratio – Household User
CUST04412,High txn count / Low avg value – Daily Spender
CUST04413,High txn count / Low avg value – Daily Spender
CUST04414,Low txn count / High avg value – Premium User
CUST04415,Low txn count / High avg value – Premium User
CUST04416,Low txn count / High avg value – Premium User
CUST04417,High Groceries/Fuel ratio – Household User
CUST04418,High txn count / Low avg value – Daily Spender
CUST04419,High Groceries/Fuel ratio – Household User
CUST04420,High Groceries/Fuel ratio – Household User
CUST04421,High Travel & Dining – Lifestyle User
CUST04422,Low txn count / High avg value – Premium User
CUST04423,High txn count / Low avg value – Daily Spender
CUST04424,High txn count / Low avg value – Daily Spender
CUST04425,High txn count / Low avg value – Daily Spender
CUST04426,High Groceries/Fuel ratio – Household User
CUST04427,High Groceries/Fuel ratio – Household User
CUST04428,High Groceries/Fuel ratio – Household User
CUST04429,High txn count / Low avg value – Daily Spender
CUST04430,High txn count / Low avg value – Daily Spender
CUST04431,Low txn count / High avg value – Premium User
CUST04432,Low txn count / High avg value – Premium User
CUST04433,High txn count / Low avg value – Daily Spender
CUST04434,High Groceries/Fuel ratio – Household User
CUST04435,High txn count / Low avg value – Daily Spender
CUST04436,High txn count / Low avg value – Daily Spender
CUST04437,High txn count / Low avg value – Daily Spender
CUST04438,Low txn count / High avg value – Premium User
CUST04439,High Groceries/Fuel ratio – Household User
CUST04440,Low txn count / High avg value – Premium User
CUST04441,Low txn count / High avg value – Premium User
CUST04442,High Groceries/Fuel ratio – Household User
CUST04443,High txn count / Low avg value – Daily Spender
CUST04444,Low txn count / High avg value – Premium User
CUST04445,Low txn count / High avg value – Premium User
CUST04446,High Groceries/Fuel ratio – Household User
CUST04447,High txn count / Low avg value – Daily Spender
CUST04448,High txn count / Low avg value – Daily Spender
CUST04449,High txn count / Low avg value – Daily Spender
CUST04450,Low txn count / High avg value – Premium User
CUST04451,Low txn count / High avg value – Premium User
CUST04452,High Travel & Dining – Lifestyle User
CUST04453,Low txn count / High avg value – Premium User
CUST04454,High txn count / Low avg value – Daily Spender
CUST04455,High Groceries/Fuel ratio – Household User
CUST04456,High txn count / Low avg value – Daily Spender
CUST04457,High Groceries/Fuel ratio – Household User
CUST04458,Low txn count / High avg value – Premium User
CUST04459,Low txn count / High avg value – Premium User
CUST04460,Low txn count / High avg value – Premium User
CUST04461,Low txn count / High avg value – Premium User
CUST04462,High txn count / Low avg value – Daily Spender
CUST04463,High Groceries/Fuel ratio – Household User
CUST04464,High txn count / Low avg value – Daily Spender
CUST04465,High txn count / Low avg value – Daily Spender
CUST04466,High Groceries/Fuel ratio – Household User
CUST04467,High Groceries/Fuel ratio – Household User
CUST04468,High txn count / Low avg value – Daily Spender
CUST04469,High txn count / Low avg value – Daily Spender
CUST04470,Low txn count / High avg value – Premium User
CUST04471,Low Activity – Dormant User
CUST04472,High Groceries/Fuel ratio – Household User
CUST04473,High txn count / Low avg value – Daily Spender
CUST04474,High txn count / Low avg value – Daily Spender
CUST04475,Low txn count / High avg value – Premium User
CUST04476,Low txn count / High avg value – Premium User
CUST04477,High txn count / Low avg value – Daily Spender
CUST04478,High Groceries/Fuel ratio – Household User
CUST04479,Low txn count / High avg value – Premium User
CUST04480,High Groceries/Fuel ratio – Household User
CUST04481,Low txn count / High avg value – Premium User
CUST04482,Low txn count / High avg value – Premium User
CUST04483,Low txn count / High avg value – Premium User
CUST04484,High Groceries/Fuel ratio – Household User
CUST04485,High txn count / Low avg value – Daily Spender
CUST04486,High Groceries/Fuel ratio – Household User
CUST04487,High txn count / Low avg value – Daily Spender
CUST04488,High txn count / Low avg value – Daily Spender
CUST04489,Low txn count / High avg value – Premium User
CUST04490,High txn count / Low avg value – Daily Spender
CUST04491,High txn count / Low avg value – Daily Spender
CUST04492,Low txn count / High avg value – Premium User
CUST04493,High txn count / Low avg value – Daily Spender
CUST04494,High txn count / Low avg value – Daily Spender
CUST04495,High txn count / Low avg value – Daily Spender
CUST04496,Low txn count / High avg value – Premium User
CUST04497,High Groceries/Fuel ratio – Household User
CUST04498,High Travel & Dining – Lifestyle User
CUST04499,Low txn count / High avg value – Premium User
CUST04500,High Groceries/Fuel ratio – Household User
CUST04501,Low txn count / High avg value – Premium User
CUST04502,High txn count / Low avg value – Daily Spender
CUST04503,High Groceries/Fuel ratio – Household User
CUST04504,Low txn count / High avg value – Premium User
CUST04505,High txn count / Low avg value – Daily Spender
CUST04506,High txn count / Low avg value – Daily Spender
CUST04507,High Groceries/Fuel ratio – Household User
CUST04508,Low txn count / High avg value – Premium User
CUST04509,High txn count / Low avg value – Daily Spender
CUST04510,High Groceries/Fuel ratio – Household User
CUST04511,Low txn count / High avg value – Premium User
CUST04512,High Groceries/Fuel ratio – Household User
CUST04513,High txn count / Low avg value – Daily Spender
CUST04514,Low txn count / High avg value – Premium User
CUST04515,Low txn count / High avg value – Premium User
CUST04516,Low txn count / High avg value – Premium User
CUST04517,High txn count / Low avg value – Daily Spender
CUST04518,High Groceries/Fuel ratio – Household User
CUST04519,High Groceries/Fuel ratio – Household User
CUST04520,High Travel & Dining – Lifestyle User
CUST04521,Low txn count / High avg value – Premium User
CUST04522,Low txn count / High avg value – Premium User
CUST04523,Low txn count / High avg value – Premium User
CUST04524,High txn count / Low avg value – Daily Spender
CUST04525,Low txn count / High avg value – Premium User
CUST04526,High txn count / Low avg value – Daily Spender
CUST04527,High txn count / Low avg value – Daily Spender
CUST04528,Low txn count / High avg value – Premium User
CUST04529,High Groceries/Fuel ratio – Household User
CUST04530,High txn count / Low avg value – Daily Spender
CUST04531,High Groceries/Fuel ratio – Household User
CUST04532,High Groceries/Fuel ratio – Household User
CUST04533,High txn count / Low avg value – Daily Spender
CUST04534,Low txn count / High avg value – Premium User
CUST04535,Low txn count / High avg value – Premium User
CUST04536,Low txn count / High avg value – Premium User
CUST04537,High txn count / Low avg value – Daily Spender
CUST04538,High Groceries/Fuel ratio – Household User
CUST04539,High Groceries/Fuel ratio – Household User
CUST04540,High Groceries/Fuel ratio – Household User
CUST04541,Low txn count / High avg value – Premium User
CUST04542,High Groceries/Fuel ratio – Household User
CUST04543,High txn count / Low avg value – Daily Spender
CUST04544,High Groceries/Fuel ratio – Household User
CUST04545,Low txn count / High avg value – Premium User
CUST04546,High Groceries/Fuel ratio – Household User
CUST04547,High txn count / Low avg value – Daily Spender
CUST04548,High txn count / Low avg value – Daily Spender
CUST04549,High txn count / Low avg value – Daily Spender
CUST04550,Low txn count / High avg value – Premium User
CUST04551,High Groceries/Fuel ratio – Household User
CUST04552,High Groceries/Fuel ratio – Household User
CUST04553,Low Activity – Dormant User
CUST04554,Low txn count / High avg value – Premium User
CUST04555,Low txn count / High avg value – Premium User
CUST04556,High txn count / Low avg value – Daily Spender
CUST04557,High txn count / Low avg value – Daily Spender
CUST04558,Low txn count / High avg value – Premium User
CUST04559,High Travel & Dining – Lifestyle User
CUST04560,High txn count / Low avg value – Daily Spender
CUST04561,High txn count / Low avg value – Daily Spender
CUST04562,Low txn count / High avg value – Premium User
CUST04563,High Groceries/Fuel ratio – Household User
CUST04564,High Groceries/Fuel ratio – Household User
CUST04565,High txn count / Low avg value – Daily Spender
CUST04566,High txn count / Low avg value – Daily Spender
CUST04567,High Groceries/Fuel ratio – Household User
CUST04568,High Groceries/Fuel ratio – Household User
CUST04569,Low Activity – Dormant User
CUST04570,Low txn count / High avg value – Premium User
CUST04571,High txn count / Low avg value – Daily Spender
CUST04572,High Groceries/Fuel ratio – Household User
CUST04573,High txn count / Low avg value – Daily Spender
CUST04574,High txn count / Low avg value – Daily Spender
CUST04575,High txn count / Low avg value – Daily Spender
CUST04576,Low txn count / High avg value – Premium User
CUST04577,High Groceries/Fuel ratio – Household User
CUST04578,High txn count / Low avg value – Daily Spender
CUST04579,High txn count / Low avg value – Daily Spender
CUST04580,High Travel & Dining – Lifestyle User
CUST04581,High txn count / Low avg value – Daily Spender
CUST04582,High txn count / Low avg value – Daily Spender
CUST04583,High txn count / Low avg value – Daily Spender
CUST04584,High txn count / Low avg value – Daily Spender
CUST04585,Low txn count / High avg value – Premium User
CUST04586,High txn count / Low avg value – Daily Spender
CUST04587,High Groceries/Fuel ratio – Household User
CUST04588,High txn count / Low avg value – Daily Spender
CUST04589,High txn count / Low avg value – Daily Spender
CUST04590,Low txn count / High avg value – Premium User
CUST04591,High Groceries/Fuel ratio – Household User
CUST04592,Low txn count / High avg value – Premium User
CUST04593,High txn count / Low avg value – Daily Spender
CUST04594,High Groceries/Fuel ratio – Household User
CUST04595,High txn count / Low avg value – Daily Spender
CUST04596,High txn count / Low avg value – Daily Spender
CUST04597,High Groceries/Fuel ratio – Household User
CUST04598,High Groceries/Fuel ratio – Household User
CUST04599,High txn count / Low avg value – Daily Spender
CUST04600,High Groceries/Fuel ratio – Household User
CUST04601,High txn count / Low avg value – Daily Spender
CUST04602,High Travel & Dining – Lifestyle User
CUST04603,High txn count / Low avg value – Daily Spender
CUST04604,High txn count / Low avg value – Daily Spender
CUST04605,High txn count / Low avg value – Daily Spender
CUST04606,High txn count / Low avg value – Daily Spender
CUST04607,High Groceries/Fuel ratio – Household User
CUST04608,High txn count / Low avg value – Daily Spender
CUST04609,High txn count / Low avg value – Daily Spender
CUST04610,High txn count / Low avg value – Daily Spender
CUST04611,Low txn count / High avg value – Premium User
CUST04612,Low txn count / High avg value – Premium User
CUST04613,High Groceries/Fuel ratio – Household User
CUST04614,High Groceries/Fuel ratio – Household User
CUST04615,High txn count / Low avg value – Daily Spender
CUST04616,Low txn count / High avg value – Premium User
CUST04617,High txn count / Low avg value – Daily Spender
CUST04618,High txn count / Low avg value – Daily Spender
CUST04619,High Travel & Dining – Lifestyle User
CUST04620,High txn count / Low avg value – Daily Spender
CUST04621,High txn count / Low avg value – Daily Spender
CUST04622,High Groceries/Fuel ratio – Household User
CUST04623,High txn count / Low avg value – Daily Spender
CUST04624,High Travel & Dining – Lifestyle User
CUST04625,High txn count / Low avg value – Daily Spender
CUST04626,High txn count / Low avg value – Daily Spender
CUST04627,Low txn count / High avg value – Premium User
CUST04628,High txn count / Low avg value – Daily Spender
CUST04629,Low txn count / High avg value – Premium User
CUST04630,High Groceries/Fuel ratio – Household User
CUST04631,High txn count / Low avg value – Daily Spender
CUST04632,Low Activity – Dormant User
CUST04633,High Travel & Dining – Lifestyle User
CUST04634,High Groceries/Fuel ratio – Household User
CUST04635,High txn count / Low avg value – Daily Spender
CUST04636,High txn count / Low avg value – Daily Spender
CUST04637,High txn count / Low avg value – Daily Spender
CUST04638,High txn count / Low avg value – Daily Spender
CUST04639,Low txn count / High avg value – Premium User
CUST04640,High txn count / Low avg value – Daily Spender
CUST04641,Low Activity – Dormant User
CUST04642,High Travel & Dining – Lifestyle User
CUST04643,High Groceries/Fuel ratio – Household User
CUST04644,High txn count / Low avg value – Daily Spender
CUST04645,High txn count / Low avg value – Daily Spender
CUST04646,High txn count / Low avg value – Daily Spender
CUST04647,High txn count / Low avg value – Daily Spender
CUST04648,Low txn count / High avg value – Premium User
CUST04649,High Groceries/Fuel ratio – Household User
CUST04650,High Groceries/Fuel ratio – Household User
CUST04651,High txn count / Low avg value – Daily Spender
CUST04652,Low txn count / High avg value – Premium User
CUST04653,Low Activity – Dormant User
CUST04654,High txn count / Low avg value – Daily Spender
CUST04655,High Groceries/Fuel ratio – Household User
CUST04656,Low txn count / High avg value – Premium User
CUST04657,Low txn count / High avg value – Premium User
CUST04658,High Groceries/Fuel ratio – Household User
CUST04659,High txn count / Low avg value – Daily Spender
CUST04660,Low txn count / High avg value – Premium User
CUST04661,High txn count / Low avg value – Daily Spender
CUST04662,Low txn count / High avg value – Premium User
CUST04663,High txn count / Low avg value – Daily Spender
CUST04664,Low txn count / High avg value – Premium User
CUST04665,High txn count / Low avg value – Daily Spender
CUST04666,High Groceries/Fuel ratio – Household User
CUST04667,Low Activity – Dormant User
CUST04668,High txn count / Low avg value – Daily Spender
CUST04669,High txn count / Low avg value – Daily Spender
CUST04670,High txn count / Low avg value – Daily Spender
CUST04671,Low Activity – Dormant User
CUST04672,High txn count / Low avg value – Daily Spender
CUST04673,High Groceries/Fuel ratio – Household User
CUST04674,Low txn count / High avg value – Premium User
CUST04675,High txn count / Low avg value – Daily Spender
CUST04676,High Groceries/Fuel ratio – Household User
CUST04677,Low Activity – Dormant User
CUST04678,High txn count / Low avg value – Daily Spender
CUST04679,High txn count / Low avg value – Daily Spender
CUST04680,High txn count / Low avg value – Daily Spender
CUST04681,High Groceries/Fuel ratio – Household User
CUST04682,High txn count / Low avg value – Daily Spender
CUST04683,High txn count / Low avg value – Daily Spender
CUST04684,High txn count / Low avg value – Daily Spender
CUST04685,High txn count / Low avg value – Daily Spender
CUST04686,High Groceries/Fuel ratio – Household User
CUST04687,High Groceries/Fuel ratio – Household User
CUST04688,Low txn count / High avg value – Premium User
CUST04689,Low txn count / High avg value – Premium User
CUST04690,High txn count / Low avg value – Daily Spender
CUST04691,High txn count / Low avg value – Daily Spender
CUST04692,High txn count / Low avg value – Daily Spender
CUST04693,Low txn count / High avg value – Premium User
CUST04694,Low txn count / High avg value – Premium User
CUST04695,High txn count / Low avg value – Daily Spender
CUST04696,Low txn count / High avg value – Premium User
CUST04697,Low txn count / High avg value – Premium User
CUST04698,High Groceries/Fuel ratio – Household User
CUST04699,Low txn count / High avg value – Premium User
CUST04700,High Groceries/Fuel ratio – Household User
CUST04701,High Groceries/Fuel ratio – Household User
CUST04702,High txn count / Low avg value – Daily Spender
CUST04703,Low txn count / High avg value – Premium User
CUST04704,Low txn count / High avg value – Premium User
CUST04705,Low txn count / High avg value – Premium User
CUST04706,High txn count / Low avg value – Daily Spender
CUST04707,High Groceries/Fuel ratio – Household User
CUST04708,Low txn count / High avg value – Premium User
CUST04709,High txn count / Low avg value – Daily Spender
CUST04710,Low txn count / High avg value – Premium User
CUST04711,Low txn count / High avg value – Premium User
CUST04712,High txn count / Low avg value – Daily Spender
CUST04713,High txn count / Low avg value – Daily Spender
CUST04714,Low txn count / High avg value – Premium User
CUST04715,High txn count / Low avg value – Daily Spender
CUST04716,Low txn count / High avg value – Premium User
CUST04717,Low txn count / High avg value – Premium User
CUST04718,Low txn count / High avg value – Premium User
CUST04719,Low Activity – Dormant User
CUST04720,High txn count / Low avg value – Daily Spender
CUST04721,High Groceries/Fuel ratio – Household User
CUST04722,High Groceries/Fuel ratio – Household User
CUST04723,Low txn count / High avg value – Premium User
CUST04724,High Groceries/Fuel ratio – Household User
CUST04725,High Groceries/Fuel ratio – Household User
CUST04726,Low Activity – Dormant User
CUST04727,High txn count / Low avg value – Daily Spender
CUST04728,High txn count / Low avg value – Daily Spender
CUST04729,High Groceries/Fuel ratio – Household User
CUST04730,High Groceries/Fuel ratio – Household User
CUST04731,High Groceries/Fuel ratio – Household User
CUST04732,High txn count / Low avg value – Daily Spender
CUST04733,Low Activity – Dormant User
CUST04734,Low txn count / High avg value – Premium User
CUST04735,High Groceries/Fuel ratio – Household User
CUST04736,Low txn count / High avg value – Premium User
CUST04737,High txn count / Low avg value – Daily Spender
CUST04738,High txn count / Low avg value – Daily Spender
CUST04739,High txn count / Low avg value – Daily Spender
CUST04740,High txn count / Low avg value – Daily Spender
CUST04741,Low txn count / High avg value – Premium User
CUST04742,High Groceries/Fuel ratio – Household User
CUST04743,High txn count / Low avg value – Daily Spender
CUST04744,High Groceries/Fuel ratio – Household User
CUST04745,High Groceries/Fuel ratio – Household User
CUST04746,High Groceries/Fuel ratio – Household User
CUST04747,High Groceries/Fuel ratio – Household User
CUST04748,High txn count / Low avg value – Daily Spender
CUST04749,Low txn count / High avg value – Premium User
CUST04750,High txn count / Low avg value – Daily Spender
CUST04751,Low txn count / High avg value – Premium User
CUST04752,High txn count / Low avg value – Daily Spender
CUST04753,Low txn count / High avg value – Premium User
CUST04754,High Travel & Dining – Lifestyle User
CUST04755,Low Activity – Dormant User
CUST04756,High Groceries/Fuel ratio – Household User
CUST04757,High txn count / Low avg value – Daily Spender
CUST04758,Low txn count / High avg value – Premium User
CUST04759,High txn count / Low avg value – Daily Spender
CUST04760,Low txn count / High avg value – Premium User
CUST04761,High txn count / Low avg value – Daily Spender
CUST04762,High txn count / Low avg value – Daily Spender
CUST04763,High Groceries/Fuel ratio – Household User
CUST04764,Low txn count / High avg value – Premium User
CUST04765,Low txn count / High avg value – Premium User
CUST04766,High Travel & Dining – Lifestyle User
CUST04767,High Groceries/Fuel ratio – Household User
CUST04768,High txn count / Low avg value – Daily Spender
CUST04769,High Travel & Dining – Lifestyle User
CUST04770,High Groceries/Fuel ratio – Household User
CUST04771,Low txn count / High avg value – Premium User
CUST04772,High Groceries/Fuel ratio – Household User
CUST04773,High txn count / Low avg value – Daily Spender
CUST04774,High txn count / Low avg value – Daily Spender
CUST04775,High Travel & Dining – Lifestyle User
CUST04776,High Groceries/Fuel ratio – Household User
CUST04777,High txn count / Low avg value – Daily Spender
CUST04778,High Groceries/Fuel ratio – Household User
CUST04779,High Groceries/Fuel ratio – Household User
CUST04780,High Groceries/Fuel ratio – Household User
CUST04781,High Groceries/Fuel ratio – Household User
CUST04782,Low txn count / High avg value – Premium User
CUST04783,High txn count / Low avg value – Daily Spender
CUST04784,Low txn count / High avg value – Premium User
CUST04785,High txn count / Low avg value – Daily Spender
CUST04786,Low txn count / High avg value – Premium User
CUST04787,High Travel & Dining – Lifestyle User
CUST04788,Low txn count / High avg value – Premium User
CUST04789,High txn count / Low avg value – Daily Spender
CUST04790,High Groceries/Fuel ratio – Household User
CUST04791,Low txn count / High avg value – Premium User
CUST04792,High Groceries/Fuel ratio – Household User
CUST04793,High txn count / Low avg value – Daily Spender
CUST04794,High txn count / Low avg value – Daily Spender
CUST04795,High txn count / Low avg value – Daily Spender
CUST04796,High Groceries/Fuel ratio – Household User
CUST04797,High txn count / Low avg value – Daily Spender
CUST04798,High Groceries/Fuel ratio – Household User
CUST04799,High txn count / Low avg value – Daily Spender
CUST04800,High Groceries/Fuel ratio – Household User
CUST04801,High Groceries/Fuel ratio – Household User
CUST04802,High txn count / Low avg value – Daily Spender
CUST04803,High Groceries/Fuel ratio – Household User
CUST04804,Low txn count / High avg value – Premium User
CUST04805,Low txn count / High avg value – Premium User
CUST04806,High Groceries/Fuel ratio – Household User
CUST04807,Low txn count / High avg value – Premium User
CUST04808,High Groceries/Fuel ratio – Household User
CUST04809,High Travel & Dining – Lifestyle User
CUST04810,High Groceries/Fuel ratio – Household User
CUST04811,Low txn count / High avg value – Premium User
CUST04812,High Groceries/Fuel ratio – Household User
CUST04813,Low txn count / High avg value – Premium User
CUST04814,High txn count / Low avg value – Daily Spender
CUST04815,Low txn count / High avg value – Premium User
CUST04816,High Travel & Dining – Lifestyle User
CUST04817,High Travel & Dining – Lifestyle User
CUST04818,High Travel & Dining – Lifestyle User
CUST04819,High Groceries/Fuel ratio – Household User
CUST04820,High Travel & Dining – Lifestyle User
CUST04821,High txn count / Low avg value – Daily Spender
CUST04822,High txn count / Low avg value – Daily Spender
CUST04823,High txn count / Low avg value – Daily Spender
CUST04824,Low txn count / High avg value – Premium User
CUST04825,High Groceries/Fuel ratio – Household User
CUST04826,High txn count / Low avg value – Daily Spender
CUST04827,High Groceries/Fuel ratio – Household User
CUST04828,High txn count / Low avg value – Daily Spender
CUST04829,Low txn count / High avg value – Premium User
CUST04830,High txn count / Low avg value – Daily Spender
CUST04831,High txn count / Low avg value – Daily Spender
CUST04832,High txn count / Low avg value – Daily Spender
CUST04833,High Groceries/Fuel ratio – Household User
CUST04834,Low txn count / High avg value – Premium User
CUST04835,High Groceries/Fuel ratio – Household User
CUST04836,High txn count / Low avg value – Daily Spender
CUST04837,Low txn count / High avg value – Premium User
CUST04838,High Groceries/Fuel ratio – Household User
CUST04839,High Travel & Dining – Lifestyle User
CUST04840,Low txn count / High avg value – Premium User
CUST04841,Low txn count / High avg value – Premium User
CUST04842,High txn count / Low avg value – Daily Spender
CUST04843,High Groceries/Fuel ratio – Household User
CUST04844,High Groceries/Fuel ratio – Household User
CUST04845,High txn count / Low avg value – Daily Spender
CUST04846,Low txn count / High avg value – Premium User
CUST04847,Low txn count / High avg value – Premium User
CUST04848,High txn count / Low avg value – Daily Spender
CUST04849,High Groceries/Fuel ratio – Household User
CUST04850,High Travel & Dining – Lifestyle User
CUST04851,High txn count / Low avg value – Daily Spender
CUST04852,High txn count / Low avg value – Daily Spender
CUST04853,High txn count / Low avg value – Daily Spender
CUST04854,High txn count / Low avg value – Daily Spender
CUST04855,High Groceries/Fuel ratio – Household User
CUST04856,High Groceries/Fuel ratio – Household User
CUST04857,Low txn count / High avg value – Premium User
CUST04858,Low Activity – Dormant User
CUST04859,Low txn count / High avg value – Premium User
CUST04860,High txn count / Low avg value – Daily Spender
CUST04861,Low txn count / High avg value – Premium User
CUST04862,High Groceries/Fuel ratio – Household User
CUST04863,High txn count / Low avg value – Daily Spender
CUST04864,High txn count / Low avg value – Daily Spender
CUST04865,High txn count / Low avg value – Daily Spender
CUST04866,High txn count / Low avg value – Daily Spender
CUST04867,High Groceries/Fuel ratio – Household User
CUST04868,Low txn count / High avg value – Premium User
CUST04869,Low txn count / High avg value – Premium User
CUST04870,High txn count / Low avg value – Daily Spender
CUST04871,High Groceries/Fuel ratio – Household User
CUST04872,High Groceries/Fuel ratio – Household User
CUST04873,High Groceries/Fuel ratio – Household User
CUST04874,High txn count / Low avg value – Daily Spender
CUST04875,High txn count / Low avg value – Daily Spender
CUST04876,High txn count / Low avg value – Daily Spender
CUST04877,High txn count / Low avg value – Daily Spender
CUST04878,High txn count / Low avg value – Daily Spender
CUST04879,High Travel & Dining – Lifestyle User
CUST04880,High Groceries/Fuel ratio – Household User
CUST04881,Low txn count / High avg value – Premium User
CUST04882,High txn count / Low avg value – Daily Spender
CUST04883,High Groceries/Fuel ratio – Household User
CUST04884,High Groceries/Fuel ratio – Household User
CUST04885,Low txn count / High avg value – Premium User
CUST04886,High txn count / Low avg value – Daily Spender
CUST04887,High txn count / Low avg value – Daily Spender
CUST04888,High Groceries/Fuel ratio – Household User
CUST04889,High txn count / Low avg value – Daily Spender
CUST04890,High txn count / Low avg value – Daily Spender
CUST04891,High Groceries/Fuel ratio – Household User
CUST04892,High txn count / Low avg value – Daily Spender
CUST04893,High Groceries/Fuel ratio – Household User
CUST04894,High txn count / Low avg value – Daily Spender
CUST04895,High Groceries/Fuel ratio – Household User
CUST04896,High Groceries/Fuel ratio – Household User
CUST04897,High txn count / Low avg value – Daily Spender
CUST04898,High Groceries/Fuel ratio – Household User
CUST04899,Low txn count / High avg value – Premium User
CUST04900,High Groceries/Fuel ratio – Household User
CUST04901,Low txn count / High avg value – Premium User
CUST04902,High Groceries/Fuel ratio – Household User
CUST04903,High txn count / Low avg value – Daily Spender
CUST04904,Low txn count / High avg value – Premium User
CUST04905,High Groceries/Fuel ratio – Household User
CUST04906,Low txn count / High avg value – Premium User
CUST04907,High Groceries/Fuel ratio – Household User
CUST04908,High txn count / Low avg value – Daily Spender
CUST04909,Low txn count / High avg value – Premium User
CUST04910,Low txn count / High avg value – Premium User
CUST04911,Low txn count / High avg value – Premium User
CUST04912,Low txn count / High avg value – Premium User
CUST04913,High Groceries/Fuel ratio – Household User
CUST04914,High Groceries/Fuel ratio – Household User
CUST04915,High txn count / Low avg value – Daily Spender
CUST04916,High txn count / Low avg value – Daily Spender
CUST04917,High txn count / Low avg value – Daily Spender
CUST04918,High txn count / Low avg value – Daily Spender
CUST04919,High Travel & Dining – Lifestyle User
CUST04920,High Travel & Dining – Lifestyle User
CUST04921,High txn count / Low avg value – Daily Spender
CUST04922,Low txn count / High avg value – Premium User
CUST04923,Low txn count / High avg value – Premium User
CUST04924,Low txn count / High avg value – Premium User
